0,1,2,3,4,5,6,7,8,9,10,11,12,13,14,15,16,17,18,19,20,21,22,23,24,25,label
0.0045166015625,0.0121917724609375,0.0038909912109375,0.002471923828125,0.001556396484375,0.00201416015625,0.0012054443359375,0.0016632080078125,0.00146484375,0.00372314453125,0.001983642578125,0.0085601806640625,0.0065155029296875,0.0133209228515625,0.0033111572265625,0.0076141357421875,0.00213623046875,0.0071563720703125,0.001983642578125,0.0032501220703125,0.003814697265625,0.008270263671875,0.0178375244140625,0.0390625,0.0642547607421875,0.7762298583984375,EpsonV39-1
0.0,4.57763671875e-05,0.0001220703125,3.0517578125e-05,6.103515625e-05,6.103515625e-05,4.57763671875e-05,9.1552734375e-05,0.0002288818359375,0.0005950927734375,0.0003204345703125,0.001556396484375,0.001068115234375,0.0173492431640625,0.0039215087890625,0.0221710205078125,0.006011962890625,0.030914306640625,0.004425048828125,0.00555419921875,0.014129638671875,0.051788330078125,0.1234130859375,0.037689208984375,0.263214111328125,0.415191650390625,Canon120-1
0.000457763671875,0.000823974609375,0.0005340576171875,0.000457763671875,0.0001983642578125,0.00079345703125,0.000885009765625,0.0016632080078125,0.00103759765625,0.00347900390625,0.001708984375,0.008941650390625,0.0063018798828125,0.0274810791015625,0.0060577392578125,0.0279388427734375,0.006378173828125,0.0306396484375,0.004119873046875,0.00567626953125,0.012481689453125,0.04486083984375,0.1041107177734375,0.0365142822265625,0.1990814208984375,0.467376708984375,Canon120-2
0.001220703125,0.00250244140625,0.000885009765625,0.0005950927734375,0.00042724609375,0.0006103515625,0.00042724609375,0.0003662109375,0.0007171630859375,0.0009765625,0.0005950927734375,0.001495361328125,0.0013427734375,0.0061798095703125,0.00262451171875,0.00543212890625,0.002685546875,0.0073699951171875,0.0044097900390625,0.0051116943359375,0.0125732421875,0.0267486572265625,0.051544189453125,0.02587890625,0.08935546875,0.7479248046875,Canon220
0.0010223388671875,0.00469970703125,0.002105712890625,0.0008697509765625,0.000579833984375,0.0005340576171875,0.0004425048828125,0.000732421875,0.000885009765625,0.001190185546875,0.0011749267578125,0.002960205078125,0.0018157958984375,0.0140380859375,0.0069580078125,0.0164947509765625,0.0072174072265625,0.0159149169921875,0.00531005859375,0.0063629150390625,0.012786865234375,0.040435791015625,0.0891265869140625,0.03350830078125,0.1794891357421875,0.5533447265625,EpsonV39-2
0.0081024169921875,0.0050201416015625,0.0030364990234375,0.0017242431640625,0.00115966796875,0.00146484375,0.00103759765625,0.001495361328125,0.0016632080078125,0.0026702880859375,0.00262451171875,0.0048370361328125,0.00408935546875,0.01837158203125,0.005859375,0.0214691162109375,0.0056304931640625,0.018402099609375,0.0036163330078125,0.0042877197265625,0.011016845703125,0.0408477783203125,0.098388671875,0.035980224609375,0.230010986328125,0.467193603515625,Canon9000-2
0.04656982421875,0.0728912353515625,0.010040283203125,0.0035552978515625,0.00164794921875,0.0010528564453125,0.000579833984375,0.00067138671875,0.0005340576171875,0.00054931640625,0.0008087158203125,0.0013580322265625,0.0020904541015625,0.004119873046875,0.0017242431640625,0.0038299560546875,0.001007080078125,0.004180908203125,0.00128173828125,0.0017547607421875,0.0028076171875,0.006683349609375,0.0147705078125,0.0443878173828125,0.070831298828125,0.7002716064453125,EpsonV370-1
0.04400634765625,0.0754547119140625,0.0099334716796875,0.0034332275390625,0.0014801025390625,0.0009918212890625,0.0005645751953125,0.000701904296875,0.0007476806640625,0.0007476806640625,0.0009765625,0.00177001953125,0.002410888671875,0.0047760009765625,0.0021514892578125,0.00396728515625,0.0014801025390625,0.003082275390625,0.001678466796875,0.0017852783203125,0.002685546875,0.0066070556640625,0.013153076171875,0.0421142578125,0.0699462890625,0.7033538818359375,EpsonV370-2
3.0517578125e-05,0.0001373291015625,0.0001678466796875,0.000335693359375,3.0517578125e-05,0.000152587890625,0.0001220703125,0.000244140625,0.0002899169921875,0.0005340576171875,0.000335693359375,0.001251220703125,0.0008392333984375,0.0095977783203125,0.0024871826171875,0.010467529296875,0.003814697265625,0.0128631591796875,0.00445556640625,0.005706787109375,0.01629638671875,0.0547027587890625,0.126983642578125,0.0343170166015625,0.187530517578125,0.52630615234375,Canon220
0.0673675537109375,0.0742950439453125,0.0107269287109375,0.0038604736328125,0.0021514892578125,0.0010528564453125,0.00067138671875,0.0011749267578125,0.0012359619140625,0.0015106201171875,0.0020904541015625,0.00299072265625,0.00408935546875,0.0077362060546875,0.003936767578125,0.00592041015625,0.0021820068359375,0.0035858154296875,0.00201416015625,0.00299072265625,0.0044403076171875,0.0084075927734375,0.02081298828125,0.0421142578125,0.07611083984375,0.6465301513671875,EpsonV550
0.0113677978515625,0.0270233154296875,0.0069427490234375,0.0036773681640625,0.00152587890625,0.001373291015625,0.0009613037109375,0.0009613037109375,0.0012359619140625,0.0011138916015625,0.001556396484375,0.00244140625,0.002838134765625,0.0052032470703125,0.0026702880859375,0.004364013671875,0.0016021728515625,0.0041961669921875,0.0015716552734375,0.0018310546875,0.00433349609375,0.0103607177734375,0.02410888671875,0.0439300537109375,0.0879364013671875,0.744873046875,EpsonV550
0.01239013671875,0.03204345703125,0.007080078125,0.002685546875,0.0019073486328125,0.0013427734375,0.0006256103515625,0.0011138916015625,0.0008392333984375,0.0009765625,0.000701904296875,0.0013427734375,0.00140380859375,0.0032958984375,0.0015869140625,0.00311279296875,0.001556396484375,0.0042572021484375,0.0015411376953125,0.0018463134765625,0.0027313232421875,0.00640869140625,0.0179595947265625,0.0380859375,0.0697174072265625,0.783447265625,EpsonV550
0.07818603515625,0.0613861083984375,0.0142669677734375,0.0042266845703125,0.0025177001953125,0.0014495849609375,0.00091552734375,0.0010833740234375,0.000823974609375,0.000946044921875,0.0010986328125,0.0027923583984375,0.0036468505859375,0.0058441162109375,0.0013885498046875,0.0040130615234375,0.001068115234375,0.0035247802734375,0.00146484375,0.002105712890625,0.00360107421875,0.0067596435546875,0.014739990234375,0.045867919921875,0.0767974853515625,0.65948486328125,HP
0.00421142578125,0.00616455078125,0.0031280517578125,0.001800537109375,0.001251220703125,0.00103759765625,0.0007171630859375,0.0009613037109375,0.0008392333984375,0.0009002685546875,0.0009307861328125,0.001922607421875,0.0020599365234375,0.006561279296875,0.0023040771484375,0.0053558349609375,0.0018157958984375,0.006195068359375,0.0025634765625,0.0035247802734375,0.008209228515625,0.01666259765625,0.0363616943359375,0.030609130859375,0.0796356201171875,0.7742767333984375,EpsonV39-1
0.0084686279296875,0.008544921875,0.0041046142578125,0.002593994140625,0.001312255859375,0.001556396484375,0.001190185546875,0.001800537109375,0.0015411376953125,0.002044677734375,0.0015716552734375,0.0037078857421875,0.0038604736328125,0.0133056640625,0.0035400390625,0.0128631591796875,0.003875732421875,0.012298583984375,0.0042877197265625,0.0052490234375,0.0128631591796875,0.03338623046875,0.06951904296875,0.0337982177734375,0.12188720703125,0.630828857421875,EpsonV39-1
0.002227783203125,0.0084228515625,0.003143310546875,0.001373291015625,0.0010223388671875,0.0009613037109375,0.000701904296875,0.0007476806640625,0.000762939453125,0.000885009765625,0.000457763671875,0.0011138916015625,0.0009765625,0.0034332275390625,0.00146484375,0.0047454833984375,0.00140380859375,0.004058837890625,0.00189208984375,0.001739501953125,0.0035552978515625,0.007232666015625,0.016357421875,0.02984619140625,0.062957763671875,0.8385162353515625,Canon220
0.0377349853515625,0.06414794921875,0.010467529296875,0.003448486328125,0.0016632080078125,0.001007080078125,0.0005645751953125,0.0013885498046875,0.0014495849609375,0.0018310546875,0.001190185546875,0.0022430419921875,0.002777099609375,0.0062255859375,0.0027008056640625,0.005645751953125,0.0019073486328125,0.0042724609375,0.0012969970703125,0.0015411376953125,0.0036163330078125,0.007965087890625,0.022003173828125,0.047149658203125,0.080535888671875,0.6852264404296875,EpsonV550
0.0009613037109375,0.0046234130859375,0.0018310546875,0.001251220703125,0.0006561279296875,0.00048828125,0.0005645751953125,0.000762939453125,0.0008087158203125,0.000946044921875,0.00054931640625,0.0016937255859375,0.0012054443359375,0.0078887939453125,0.00323486328125,0.0076446533203125,0.002166748046875,0.0067138671875,0.003021240234375,0.0028228759765625,0.007232666015625,0.014801025390625,0.02923583984375,0.0323638916015625,0.0723876953125,0.7941436767578125,EpsonV39-1
0.0490264892578125,0.0727081298828125,0.01324462890625,0.0047149658203125,0.0025787353515625,0.0020904541015625,0.0016632080078125,0.001800537109375,0.001708984375,0.0027008056640625,0.00244140625,0.00494384765625,0.0055694580078125,0.007598876953125,0.0035400390625,0.0054931640625,0.00250244140625,0.0052032470703125,0.0024871826171875,0.002716064453125,0.0048980712890625,0.007781982421875,0.0161895751953125,0.0391845703125,0.072235107421875,0.66497802734375,EpsonV370-1
0.0001220703125,0.000274658203125,0.0002899169921875,0.00042724609375,0.000335693359375,9.1552734375e-05,0.0001220703125,0.0002593994140625,0.0002288818359375,0.0004425048828125,0.000457763671875,0.0012359619140625,0.0010223388671875,0.0118560791015625,0.0037078857421875,0.01416015625,0.00396728515625,0.0126800537109375,0.0034027099609375,0.0043182373046875,0.0128021240234375,0.0594482421875,0.150604248046875,0.034393310546875,0.2723388671875,0.4110107421875,Canon9000-1
0.0372314453125,0.0615234375,0.0102996826171875,0.003814697265625,0.002105712890625,0.00140380859375,0.000885009765625,0.0010528564453125,0.001068115234375,0.001068115234375,0.00091552734375,0.0018463134765625,0.0022430419921875,0.004669189453125,0.00189208984375,0.00567626953125,0.0017852783203125,0.00469970703125,0.00201416015625,0.0025177001953125,0.0031585693359375,0.0070343017578125,0.015228271484375,0.03656005859375,0.060943603515625,0.728363037109375,EpsonV370-1
1.52587890625e-05,0.000213623046875,0.0001068115234375,7.62939453125e-05,0.0001678466796875,0.0001068115234375,0.0001220703125,0.000274658203125,0.000457763671875,0.0004425048828125,0.000396728515625,0.0016326904296875,0.0013275146484375,0.0118865966796875,0.0045928955078125,0.016693115234375,0.0054779052734375,0.0174407958984375,0.004058837890625,0.00494384765625,0.010986328125,0.0460205078125,0.1100311279296875,0.03350830078125,0.19366455078125,0.5353546142578125,Canon9000-1
0.0003814697265625,0.0013427734375,0.0007171630859375,0.000762939453125,0.000518798828125,0.000885009765625,0.0006103515625,0.00048828125,0.000701904296875,0.0012969970703125,0.0009765625,0.001739501953125,0.00115966796875,0.0041351318359375,0.002197265625,0.004913330078125,0.001739501953125,0.005126953125,0.002349853515625,0.00286865234375,0.0045928955078125,0.0091552734375,0.01849365234375,0.0279541015625,0.0777130126953125,0.827178955078125,Canon120-2
0.0008087158203125,0.002960205078125,0.0008697509765625,0.0006866455078125,0.0003204345703125,0.000518798828125,0.000335693359375,0.0005950927734375,0.000640869140625,0.0007476806640625,0.000823974609375,0.0018157958984375,0.0014190673828125,0.0135040283203125,0.0048828125,0.01409912109375,0.0042572021484375,0.011627197265625,0.0043182373046875,0.0047760009765625,0.014984130859375,0.0479278564453125,0.1068115234375,0.0299835205078125,0.17193603515625,0.558349609375,EpsonV39-2
0.0,6.103515625e-05,6.103515625e-05,6.103515625e-05,3.0517578125e-05,7.62939453125e-05,3.0517578125e-05,0.000213623046875,0.0003814697265625,0.0006103515625,0.000640869140625,0.00164794921875,0.0013275146484375,0.0109100341796875,0.0031280517578125,0.014739990234375,0.004974365234375,0.0211639404296875,0.0042266845703125,0.006500244140625,0.017364501953125,0.04229736328125,0.086669921875,0.0330352783203125,0.1284942626953125,0.6213531494140625,Canon9000-1
0.001617431640625,0.0051116943359375,0.0011749267578125,0.0007781982421875,0.000640869140625,0.0006866455078125,0.00042724609375,0.0008392333984375,0.000396728515625,0.0008087158203125,0.0005035400390625,0.0015716552734375,0.000885009765625,0.008270263671875,0.0027008056640625,0.008270263671875,0.0021820068359375,0.0076751708984375,0.00396728515625,0.0048675537109375,0.01165771484375,0.0286865234375,0.058990478515625,0.0281829833984375,0.1063995361328125,0.71270751953125,EpsonV39-1
3.0517578125e-05,0.0001983642578125,0.00018310546875,9.1552734375e-05,0.0001373291015625,0.000152587890625,7.62939453125e-05,0.0005950927734375,0.000244140625,0.0008392333984375,0.0001373291015625,0.0008544921875,0.000823974609375,0.013092041015625,0.0035552978515625,0.0223388671875,0.0059967041015625,0.02874755859375,0.00445556640625,0.00408935546875,0.0147247314453125,0.0576324462890625,0.142730712890625,0.035888671875,0.3099517822265625,0.3524322509765625,Canon120-2
0.010955810546875,0.023895263671875,0.0064697265625,0.0026702880859375,0.0025634765625,0.0018157958984375,0.00146484375,0.0020751953125,0.0015411376953125,0.00152587890625,0.0016326904296875,0.0033721923828125,0.0042572021484375,0.0090179443359375,0.0031585693359375,0.00775146484375,0.0028533935546875,0.0078582763671875,0.002410888671875,0.002410888671875,0.00390625,0.0096893310546875,0.021942138671875,0.0374755859375,0.075408935546875,0.7518768310546875,EpsonV370-2
0.01995849609375,0.0402374267578125,0.00872802734375,0.0041961669921875,0.0017547607421875,0.0017852783203125,0.0012359619140625,0.0014495849609375,0.0018310546875,0.0023956298828125,0.0023040771484375,0.0053253173828125,0.006134033203125,0.008514404296875,0.0040740966796875,0.006317138671875,0.00274658203125,0.004852294921875,0.0020294189453125,0.0024566650390625,0.0048980712890625,0.00994873046875,0.0218658447265625,0.0408172607421875,0.0800323486328125,0.714111328125,EpsonV370-2
0.000518798828125,0.0022430419921875,0.0009765625,0.0013275146484375,0.0009002685546875,0.001068115234375,0.000823974609375,0.0026397705078125,0.00140380859375,0.00189208984375,0.0014190673828125,0.0023651123046875,0.002044677734375,0.007720947265625,0.002197265625,0.006195068359375,0.001739501953125,0.00653076171875,0.0024261474609375,0.00299072265625,0.004119873046875,0.009246826171875,0.0179901123046875,0.033660888671875,0.0732574462890625,0.8123016357421875,Canon120-1
0.0029144287109375,0.00225830078125,0.001190185546875,0.0005340576171875,0.0006256103515625,0.0005340576171875,0.00054931640625,0.0009307861328125,0.0008087158203125,0.0018463134765625,0.0010986328125,0.0037841796875,0.00445556640625,0.015960693359375,0.0046539306640625,0.0196380615234375,0.0061187744140625,0.0216827392578125,0.003753662109375,0.0045623779296875,0.011444091796875,0.04248046875,0.1031036376953125,0.03662109375,0.2101287841796875,0.498321533203125,Canon120-1
0.0015869140625,0.0049896240234375,0.001953125,0.00152587890625,0.0010223388671875,0.000885009765625,0.0006103515625,0.000762939453125,0.001220703125,0.001190185546875,0.0009002685546875,0.002044677734375,0.0020599365234375,0.00592041015625,0.003173828125,0.006103515625,0.002227783203125,0.00634765625,0.002288818359375,0.0027313232421875,0.0047760009765625,0.0088043212890625,0.018951416015625,0.0340576171875,0.0686492919921875,0.815216064453125,Canon220
0.000213623046875,0.001617431640625,0.0010833740234375,0.001007080078125,0.000457763671875,0.000335693359375,0.00018310546875,0.000335693359375,0.0004730224609375,0.00054931640625,0.0006866455078125,0.0007781982421875,0.00091552734375,0.00347900390625,0.00152587890625,0.0050506591796875,0.00152587890625,0.004364013671875,0.0025634765625,0.003204345703125,0.00726318359375,0.015838623046875,0.0301971435546875,0.02630615234375,0.082916259765625,0.80712890625,Canon120-1
7.62939453125e-05,0.0004730224609375,0.0001373291015625,7.62939453125e-05,0.0001983642578125,0.000244140625,0.000213623046875,0.0006561279296875,0.000335693359375,0.000701904296875,0.0003204345703125,0.0015106201171875,0.0014190673828125,0.0123443603515625,0.00372314453125,0.017730712890625,0.003814697265625,0.013031005859375,0.0035858154296875,0.0034942626953125,0.0146331787109375,0.0637054443359375,0.1520538330078125,0.0319976806640625,0.2775726318359375,0.3959503173828125,Canon9000-1
0.0,4.57763671875e-05,4.57763671875e-05,1.52587890625e-05,0.0,4.57763671875e-05,1.52587890625e-05,0.0003814697265625,0.00018310546875,0.00042724609375,0.00018310546875,0.0010833740234375,0.000640869140625,0.0109405517578125,0.00299072265625,0.0208282470703125,0.0048370361328125,0.0162811279296875,0.002197265625,0.0025634765625,0.007598876953125,0.0561981201171875,0.1521148681640625,0.033355712890625,0.413116455078125,0.2739105224609375,Canon120-1
0.0022125244140625,0.0032196044921875,0.0013427734375,0.0005340576171875,0.00042724609375,0.0004425048828125,0.0004730224609375,0.0009765625,0.000701904296875,0.0012359619140625,0.0007781982421875,0.00274658203125,0.002288818359375,0.0084381103515625,0.0034942626953125,0.00860595703125,0.0031585693359375,0.00946044921875,0.0037078857421875,0.0047760009765625,0.0109100341796875,0.0338287353515625,0.0760955810546875,0.0347900390625,0.1214752197265625,0.66387939453125,EpsonV39-2
0.0143890380859375,0.03118896484375,0.00689697265625,0.003265380859375,0.0013427734375,0.000885009765625,0.0005950927734375,0.0012969970703125,0.00115966796875,0.001434326171875,0.0014190673828125,0.001861572265625,0.00299072265625,0.0065460205078125,0.0023651123046875,0.00592041015625,0.0016021728515625,0.0049896240234375,0.001953125,0.0024261474609375,0.003692626953125,0.010009765625,0.02130126953125,0.040496826171875,0.082977294921875,0.7469940185546875,EpsonV370-2
0.0037841796875,0.0027923583984375,0.0016937255859375,0.0014190673828125,0.000701904296875,0.000640869140625,0.0006256103515625,0.00091552734375,0.00067138671875,0.0014190673828125,0.0013580322265625,0.0033721923828125,0.0033111572265625,0.017181396484375,0.00421142578125,0.021514892578125,0.0047149658203125,0.0196533203125,0.0040435791015625,0.0045623779296875,0.011627197265625,0.0421905517578125,0.100860595703125,0.034210205078125,0.253570556640625,0.458953857421875,Canon9000-2
0.040283203125,0.0680084228515625,0.009674072265625,0.003509521484375,0.001800537109375,0.0010986328125,0.0009307861328125,0.0007781982421875,0.0005950927734375,0.00079345703125,0.0007476806640625,0.00128173828125,0.0017547607421875,0.004180908203125,0.0014801025390625,0.004638671875,0.0013580322265625,0.00396728515625,0.00152587890625,0.0022430419921875,0.003448486328125,0.0057373046875,0.0145111083984375,0.04156494140625,0.0691375732421875,0.7149505615234375,EpsonV370-1
0.074676513671875,0.06048583984375,0.015625,0.005889892578125,0.0025482177734375,0.001678466796875,0.0012359619140625,0.001373291015625,0.0013885498046875,0.001434326171875,0.001373291015625,0.003265380859375,0.0042724609375,0.0072021484375,0.00262451171875,0.0052642822265625,0.001861572265625,0.003997802734375,0.00189208984375,0.002899169921875,0.004364013671875,0.00787353515625,0.016937255859375,0.044769287109375,0.07769775390625,0.647369384765625,HP
0.0,0.0,0.0,1.52587890625e-05,0.0,0.0,3.0517578125e-05,9.1552734375e-05,0.0001678466796875,0.000213623046875,0.0002288818359375,0.0006561279296875,0.0009918212890625,0.0112457275390625,0.0023956298828125,0.02093505859375,0.004547119140625,0.037994384765625,0.0042266845703125,0.0049285888671875,0.0121307373046875,0.0504302978515625,0.126312255859375,0.0377349853515625,0.327850341796875,0.35687255859375,Canon120-1
0.00048828125,0.000518798828125,0.000396728515625,0.000335693359375,0.000213623046875,0.000274658203125,0.0003509521484375,0.0007476806640625,0.00048828125,0.0008087158203125,0.0006561279296875,0.001678466796875,0.0012359619140625,0.017059326171875,0.0032806396484375,0.0201568603515625,0.0050201416015625,0.0265960693359375,0.0044097900390625,0.0062255859375,0.0123291015625,0.0379638671875,0.0927734375,0.032196044921875,0.3370361328125,0.396759033203125,Canon9000-2
0.0001220703125,0.00091552734375,0.0007781982421875,0.000640869140625,0.0001373291015625,0.0001678466796875,0.0001373291015625,0.0002593994140625,0.0005035400390625,0.0005340576171875,0.000457763671875,0.001617431640625,0.0008544921875,0.007476806640625,0.003021240234375,0.0091094970703125,0.0033416748046875,0.0079498291015625,0.0037994384765625,0.004150390625,0.0155181884765625,0.0445098876953125,0.0980987548828125,0.034576416015625,0.1313629150390625,0.6299591064453125,Canon220
4.57763671875e-05,0.000274658203125,0.0001373291015625,6.103515625e-05,0.0001373291015625,4.57763671875e-05,4.57763671875e-05,0.0001983642578125,0.0001983642578125,0.00067138671875,0.0003662109375,0.0014495849609375,0.0009918212890625,0.0117950439453125,0.0024566650390625,0.0153961181640625,0.0051422119140625,0.025543212890625,0.0044097900390625,0.0064849853515625,0.016204833984375,0.0506439208984375,0.112457275390625,0.0365142822265625,0.197357177734375,0.5109710693359375,Canon120-1
0.07623291015625,0.0588531494140625,0.0156097412109375,0.0044097900390625,0.00244140625,0.00140380859375,0.001220703125,0.0016326904296875,0.0009002685546875,0.00091552734375,0.001220703125,0.0027313232421875,0.0048675537109375,0.00701904296875,0.0017547607421875,0.004302978515625,0.0015869140625,0.003814697265625,0.001678466796875,0.002349853515625,0.0028839111328125,0.007171630859375,0.0164031982421875,0.044830322265625,0.0746002197265625,0.6591644287109375,HP
0.000274658203125,0.0009307861328125,0.0004119873046875,0.00030517578125,0.0002899169921875,0.0003662109375,0.0002899169921875,0.00042724609375,0.0004730224609375,0.000885009765625,0.000762939453125,0.0028533935546875,0.0035400390625,0.00750732421875,0.001983642578125,0.0043487548828125,0.0017852783203125,0.0036773681640625,0.0026397705078125,0.003265380859375,0.00689697265625,0.016876220703125,0.0335540771484375,0.028228759765625,0.081817626953125,0.7956085205078125,Canon220
0.0443267822265625,0.0743560791015625,0.01129150390625,0.0037841796875,0.0020751953125,0.0013580322265625,0.000518798828125,0.000732421875,0.0007171630859375,0.0009613037109375,0.0011749267578125,0.0019073486328125,0.002838134765625,0.005279541015625,0.00250244140625,0.004150390625,0.001739501953125,0.00408935546875,0.0017852783203125,0.0023345947265625,0.0042724609375,0.008209228515625,0.016510009765625,0.0397796630859375,0.07177734375,0.6915283203125,EpsonV370-2
0.0,0.0,0.0,3.0517578125e-05,1.52587890625e-05,3.0517578125e-05,0.0,6.103515625e-05,0.0001373291015625,0.0002899169921875,0.0001373291015625,0.0003509521484375,0.000701904296875,0.0139617919921875,0.001312255859375,0.0229949951171875,0.003265380859375,0.04254150390625,0.0036468505859375,0.0045318603515625,0.0113525390625,0.0406036376953125,0.1011505126953125,0.0341033935546875,0.3960113525390625,0.3227691650390625,Canon9000-1
0.0106048583984375,0.0072784423828125,0.002197265625,0.0008087158203125,0.000396728515625,0.001007080078125,0.0005950927734375,0.00115966796875,0.0008697509765625,0.0029296875,0.0009613037109375,0.00390625,0.0037841796875,0.01763916015625,0.0049591064453125,0.014678955078125,0.0037689208984375,0.0123138427734375,0.0040283203125,0.0045318603515625,0.014862060546875,0.0499114990234375,0.11712646484375,0.0362548828125,0.189788818359375,0.4936370849609375,EpsonV39-1
0.02935791015625,0.0442962646484375,0.01104736328125,0.0055389404296875,0.0026397705078125,0.002166748046875,0.0015411376953125,0.001800537109375,0.00213623046875,0.0024871826171875,0.00274658203125,0.00518798828125,0.006011962890625,0.0106201171875,0.0040283203125,0.0084686279296875,0.0030364990234375,0.0064697265625,0.002716064453125,0.0030517578125,0.006011962890625,0.011016845703125,0.021270751953125,0.0434417724609375,0.07684326171875,0.686065673828125,EpsonV370-1
1.52587890625e-05,0.0001678466796875,0.0001678466796875,0.00018310546875,1.52587890625e-05,9.1552734375e-05,3.0517578125e-05,7.62939453125e-05,0.0001678466796875,0.0001983642578125,0.000152587890625,0.0007476806640625,0.0009765625,0.0099334716796875,0.002197265625,0.014007568359375,0.00244140625,0.0119171142578125,0.0035400390625,0.00433349609375,0.0156097412109375,0.0556640625,0.1271209716796875,0.0301666259765625,0.1722259521484375,0.5478515625,Canon9000-2
0.0036468505859375,0.0056915283203125,0.0029144287109375,0.001373291015625,0.0010833740234375,0.0009307861328125,0.0009002685546875,0.0010528564453125,0.0008544921875,0.0010528564453125,0.0008697509765625,0.0021514892578125,0.001800537109375,0.0042877197265625,0.002227783203125,0.0041656494140625,0.001739501953125,0.0037994384765625,0.002197265625,0.0030364990234375,0.0064849853515625,0.011077880859375,0.0212249755859375,0.0293731689453125,0.0755767822265625,0.81048583984375,Canon120-2
0.0001373291015625,0.000640869140625,0.000213623046875,0.000152587890625,0.00018310546875,0.0003814697265625,0.000396728515625,0.0017852783203125,0.000457763671875,0.0007781982421875,0.00030517578125,0.0020294189453125,0.002166748046875,0.0128936767578125,0.0027008056640625,0.0203094482421875,0.0060577392578125,0.0223541259765625,0.00286865234375,0.0026702880859375,0.006622314453125,0.02618408203125,0.0658416748046875,0.0371246337890625,0.1853179931640625,0.59942626953125,Canon120-2
0.0006256103515625,0.0010986328125,0.0008392333984375,0.0007476806640625,0.000244140625,0.0003204345703125,0.000396728515625,0.0005035400390625,0.000518798828125,0.0009613037109375,0.0007781982421875,0.0012664794921875,0.0018157958984375,0.0061798095703125,0.0031585693359375,0.0075531005859375,0.0038604736328125,0.00946044921875,0.0046539306640625,0.0053863525390625,0.0139923095703125,0.034881591796875,0.0726318359375,0.028900146484375,0.0981292724609375,0.7010955810546875,Canon220
0.006500244140625,0.004669189453125,0.0012664794921875,0.001007080078125,0.00030517578125,0.000457763671875,0.0002593994140625,0.000823974609375,0.00054931640625,0.0009002685546875,0.0009918212890625,0.0048828125,0.00579833984375,0.0165252685546875,0.0038909912109375,0.01556396484375,0.0041351318359375,0.01458740234375,0.0039520263671875,0.0041961669921875,0.0133209228515625,0.0547637939453125,0.131256103515625,0.0392303466796875,0.2274017333984375,0.4427642822265625,Canon9000-1
0.0322723388671875,0.0429840087890625,0.0105438232421875,0.003997802734375,0.0017852783203125,0.001129150390625,0.0006561279296875,0.000579833984375,0.0008392333984375,0.0008544921875,0.0009613037109375,0.0011749267578125,0.0016937255859375,0.0043182373046875,0.0018157958984375,0.002593994140625,0.001312255859375,0.003021240234375,0.001251220703125,0.00189208984375,0.0034637451171875,0.0063629150390625,0.0167694091796875,0.0443878173828125,0.0725250244140625,0.740814208984375,EpsonV39-2
0.00390625,0.004241943359375,0.0022735595703125,0.0014801025390625,0.000946044921875,0.000885009765625,0.0006561279296875,0.0010833740234375,0.0009307861328125,0.0011444091796875,0.0010986328125,0.0041046142578125,0.005126953125,0.00933837890625,0.002593994140625,0.0051727294921875,0.001861572265625,0.0051116943359375,0.0031280517578125,0.003265380859375,0.0081024169921875,0.014068603515625,0.0269775390625,0.0287628173828125,0.07470703125,0.789031982421875,Canon220
0.0522918701171875,0.0973663330078125,0.0089263916015625,0.0021514892578125,0.00091552734375,0.0005950927734375,0.00030517578125,0.000457763671875,0.0003662109375,0.0006866455078125,0.001007080078125,0.0016937255859375,0.002471923828125,0.0042724609375,0.0018768310546875,0.0034637451171875,0.0010833740234375,0.002960205078125,0.001434326171875,0.00164794921875,0.0031890869140625,0.00689697265625,0.0168304443359375,0.0402679443359375,0.07257080078125,0.6742706298828125,EpsonV550
0.0,7.62939453125e-05,3.0517578125e-05,3.0517578125e-05,1.52587890625e-05,0.0,4.57763671875e-05,0.000152587890625,0.000152587890625,0.0003662109375,0.0001983642578125,0.001373291015625,0.0013427734375,0.016387939453125,0.007476806640625,0.0267333984375,0.007568359375,0.0216522216796875,0.0044097900390625,0.004058837890625,0.0137481689453125,0.0596466064453125,0.1476898193359375,0.033172607421875,0.35211181640625,0.3015594482421875,Canon120-2
0.01861572265625,0.035369873046875,0.0070343017578125,0.0027618408203125,0.0020599365234375,0.0016021728515625,0.0012359619140625,0.0024871826171875,0.00128173828125,0.00238037109375,0.00152587890625,0.0035858154296875,0.00311279296875,0.0076141357421875,0.0036773681640625,0.00726318359375,0.002105712890625,0.0062103271484375,0.0019378662109375,0.003204345703125,0.0048828125,0.0127410888671875,0.0291290283203125,0.0379486083984375,0.077423095703125,0.722808837890625,EpsonV370-1
0.0260467529296875,0.0455169677734375,0.0090484619140625,0.0038909912109375,0.0024566650390625,0.0018768310546875,0.0015106201171875,0.001556396484375,0.0019073486328125,0.00238037109375,0.0025634765625,0.0048065185546875,0.0052032470703125,0.0097503662109375,0.0036163330078125,0.0080413818359375,0.0030975341796875,0.0060882568359375,0.0026092529296875,0.00360107421875,0.0050048828125,0.0104217529296875,0.021087646484375,0.0392608642578125,0.07958984375,0.699066162109375,EpsonV370-1
0.00103759765625,0.0024261474609375,0.0005340576171875,0.000274658203125,0.0002288818359375,0.000152587890625,0.000274658203125,0.0008087158203125,0.0005645751953125,0.0010528564453125,0.00054931640625,0.0018463134765625,0.001251220703125,0.014312744140625,0.0045318603515625,0.0214691162109375,0.0067596435546875,0.0226287841796875,0.0041656494140625,0.0041961669921875,0.0128173828125,0.0528564453125,0.1319580078125,0.033966064453125,0.295135498046875,0.3842010498046875,Canon120-1
0.04498291015625,0.0699005126953125,0.0115966796875,0.0040740966796875,0.001800537109375,0.001129150390625,0.0009918212890625,0.00140380859375,0.0008544921875,0.0010833740234375,0.0009765625,0.0021514892578125,0.003173828125,0.00701904296875,0.002655029296875,0.005645751953125,0.00213623046875,0.0054931640625,0.001861572265625,0.00238037109375,0.0031890869140625,0.005706787109375,0.0142364501953125,0.0435028076171875,0.0674896240234375,0.6945648193359375,EpsonV370-1
0.00030517578125,0.001739501953125,0.0010528564453125,0.0006561279296875,0.000335693359375,0.00030517578125,0.00030517578125,0.00067138671875,0.0005035400390625,0.00067138671875,0.000640869140625,0.001556396484375,0.00164794921875,0.0134735107421875,0.00592041015625,0.019775390625,0.0051116943359375,0.017608642578125,0.002777099609375,0.0037384033203125,0.011566162109375,0.03399658203125,0.0785675048828125,0.0373077392578125,0.1529388427734375,0.6068267822265625,EpsonV39-1
0.0009002685546875,0.00347900390625,0.00146484375,0.00091552734375,0.0006256103515625,0.0008392333984375,0.0005950927734375,0.0008087158203125,0.000823974609375,0.0012359619140625,0.00103759765625,0.0029144287109375,0.00274658203125,0.007843017578125,0.003326416015625,0.0081634521484375,0.0031890869140625,0.00732421875,0.003631591796875,0.00408935546875,0.0091400146484375,0.0203094482421875,0.039306640625,0.031158447265625,0.0849151611328125,0.75921630859375,EpsonV39-1
0.0060882568359375,0.0170440673828125,0.00390625,0.00146484375,0.0009613037109375,0.000701904296875,0.0004425048828125,0.0005035400390625,0.0006103515625,0.0005950927734375,0.00048828125,0.000946044921875,0.0011749267578125,0.0050506591796875,0.002105712890625,0.0053558349609375,0.0018768310546875,0.005340576171875,0.002410888671875,0.002960205078125,0.006439208984375,0.0161285400390625,0.033172607421875,0.0328216552734375,0.0754241943359375,0.7759857177734375,EpsonV39-2
0.02813720703125,0.0599517822265625,0.010040283203125,0.0038909912109375,0.0015869140625,0.00128173828125,0.0008544921875,0.0008697509765625,0.0010223388671875,0.0011444091796875,0.0009307861328125,0.002197265625,0.003173828125,0.0052947998046875,0.002777099609375,0.005126953125,0.0019378662109375,0.004119873046875,0.002044677734375,0.002471923828125,0.0037841796875,0.0067291259765625,0.015289306640625,0.038360595703125,0.06585693359375,0.7311248779296875,EpsonV370-1
0.0037841796875,0.0030059814453125,0.0013885498046875,0.000701904296875,0.0004730224609375,0.0006103515625,0.0003509521484375,0.00067138671875,0.0006103515625,0.001068115234375,0.0007781982421875,0.002838134765625,0.0045318603515625,0.0167999267578125,0.0037841796875,0.0205841064453125,0.005523681640625,0.0219573974609375,0.0037994384765625,0.0045166015625,0.010467529296875,0.040374755859375,0.0986785888671875,0.0359344482421875,0.283599853515625,0.43316650390625,Canon120-2
0.00579833984375,0.0162353515625,0.0055084228515625,0.00244140625,0.00146484375,0.0008544921875,0.0005950927734375,0.00152587890625,0.0008544921875,0.00115966796875,0.0007781982421875,0.0017547607421875,0.0014495849609375,0.0063018798828125,0.0020294189453125,0.0060272216796875,0.0017547607421875,0.00555419921875,0.0019989013671875,0.0024566650390625,0.0065765380859375,0.0127410888671875,0.023284912109375,0.032073974609375,0.070159912109375,0.7886199951171875,EpsonV39-1
0.0010833740234375,0.001861572265625,0.000885009765625,0.0007171630859375,0.000396728515625,0.00054931640625,0.000640869140625,0.0007476806640625,0.0009002685546875,0.0010528564453125,0.001068115234375,0.0021514892578125,0.0020904541015625,0.0049896240234375,0.0021820068359375,0.0059661865234375,0.0023040771484375,0.005523681640625,0.0036163330078125,0.004119873046875,0.011077880859375,0.0231781005859375,0.0439453125,0.0269317626953125,0.0789642333984375,0.7730560302734375,Canon120-2
0.0002899169921875,0.0007476806640625,0.0003662109375,6.103515625e-05,0.000152587890625,0.0001220703125,6.103515625e-05,0.0002288818359375,0.00030517578125,0.0004119873046875,0.0004119873046875,0.0008697509765625,0.0009918212890625,0.009674072265625,0.002471923828125,0.011016845703125,0.002593994140625,0.010406494140625,0.00469970703125,0.0052642822265625,0.015167236328125,0.06085205078125,0.139892578125,0.03076171875,0.1882171630859375,0.5139617919921875,Canon9000-2
0.0001373291015625,0.0009613037109375,0.0005950927734375,0.00042724609375,0.000213623046875,0.00018310546875,0.0001678466796875,0.00030517578125,0.0003662109375,0.000640869140625,0.000396728515625,0.00091552734375,0.0006866455078125,0.004913330078125,0.00140380859375,0.004974365234375,0.0013427734375,0.0048370361328125,0.0028839111328125,0.00341796875,0.00897216796875,0.0218505859375,0.0442962646484375,0.024871826171875,0.0916900634765625,0.7785491943359375,Canon9000-1
0.0040740966796875,0.002838134765625,0.0012359619140625,0.000579833984375,0.0004425048828125,0.0003814697265625,0.000396728515625,0.0008392333984375,0.00054931640625,0.0009613037109375,0.0008392333984375,0.0022430419921875,0.0020599365234375,0.0153045654296875,0.0030670166015625,0.02008056640625,0.0045166015625,0.02447509765625,0.00396728515625,0.0041656494140625,0.0101318359375,0.0437469482421875,0.1052398681640625,0.03460693359375,0.2731170654296875,0.4401397705078125,Canon9000-2
0.00836181640625,0.016693115234375,0.0068206787109375,0.0040283203125,0.001708984375,0.0015411376953125,0.000946044921875,0.001312255859375,0.0012664794921875,0.0015716552734375,0.0011444091796875,0.0021820068359375,0.0022735595703125,0.0045166015625,0.00225830078125,0.0034942626953125,0.0020294189453125,0.004180908203125,0.001922607421875,0.00250244140625,0.005584716796875,0.009185791015625,0.0181884765625,0.0355682373046875,0.0743255615234375,0.7863922119140625,Canon220
0.00537109375,0.01611328125,0.0044403076171875,0.002532958984375,0.0008697509765625,0.001068115234375,0.00054931640625,0.0018463134765625,0.001068115234375,0.0014190673828125,0.0013427734375,0.002685546875,0.0020751953125,0.006591796875,0.0010833740234375,0.0033416748046875,0.0010528564453125,0.0048675537109375,0.0019378662109375,0.0023345947265625,0.003570556640625,0.0079345703125,0.0172119140625,0.0418853759765625,0.0673370361328125,0.799468994140625,EpsonV39-2
0.0033416748046875,0.001922607421875,0.0005340576171875,0.00030517578125,0.0002288818359375,0.0003662109375,0.00030517578125,0.00042724609375,0.000457763671875,0.0007171630859375,0.0005645751953125,0.0021820068359375,0.0016326904296875,0.0135955810546875,0.003387451171875,0.0150299072265625,0.004486083984375,0.01629638671875,0.003875732421875,0.0047454833984375,0.0130767822265625,0.0549774169921875,0.1346282958984375,0.0356903076171875,0.302337646484375,0.3848876953125,Canon120-2
0.000762939453125,0.0012969970703125,0.00054931640625,0.0005340576171875,0.0002899169921875,0.000396728515625,0.00030517578125,0.0003509521484375,0.00048828125,0.000885009765625,0.0003509521484375,0.001220703125,0.0014190673828125,0.0107574462890625,0.0023193359375,0.0143280029296875,0.0029754638671875,0.0139617919921875,0.003662109375,0.0040435791015625,0.011749267578125,0.03631591796875,0.0810394287109375,0.031524658203125,0.139556884765625,0.638916015625,Canon9000-2
3.0517578125e-05,0.0002288818359375,3.0517578125e-05,6.103515625e-05,4.57763671875e-05,0.0001678466796875,0.0001678466796875,0.0006866455078125,0.000457763671875,0.000762939453125,0.0002899169921875,0.000946044921875,0.0008544921875,0.012725830078125,0.0042266845703125,0.0199432373046875,0.0041351318359375,0.0159759521484375,0.0032196044921875,0.0037078857421875,0.01171875,0.05682373046875,0.14373779296875,0.0309295654296875,0.4199371337890625,0.2681884765625,Canon120-2
0.02911376953125,0.04168701171875,0.0102386474609375,0.0042266845703125,0.0021514892578125,0.00213623046875,0.0018463134765625,0.0014801025390625,0.0022430419921875,0.00238037109375,0.0028533935546875,0.00543212890625,0.0064544677734375,0.0101165771484375,0.0043792724609375,0.006866455078125,0.00250244140625,0.006805419921875,0.00250244140625,0.0027618408203125,0.00506591796875,0.0098419189453125,0.0208282470703125,0.041259765625,0.075469970703125,0.6993560791015625,EpsonV370-1
0.002288818359375,0.0098724365234375,0.003082275390625,0.001251220703125,0.00042724609375,0.000640869140625,0.0005340576171875,0.000732421875,0.000823974609375,0.0015106201171875,0.001220703125,0.0030975341796875,0.00225830078125,0.0095062255859375,0.0049285888671875,0.009246826171875,0.003570556640625,0.006805419921875,0.0036468505859375,0.0045166015625,0.010650634765625,0.02288818359375,0.0469818115234375,0.0262298583984375,0.08258056640625,0.7407073974609375,Canon220
1.52587890625e-05,3.0517578125e-05,0.0001068115234375,0.0001068115234375,3.0517578125e-05,4.57763671875e-05,1.52587890625e-05,0.0001373291015625,0.000213623046875,0.0003814697265625,0.0001983642578125,0.000946044921875,0.0012359619140625,0.0111846923828125,0.0038604736328125,0.0185394287109375,0.005218505859375,0.0165252685546875,0.0042266845703125,0.0042724609375,0.013885498046875,0.0531768798828125,0.1312255859375,0.033721923828125,0.24078369140625,0.4599151611328125,Canon9000-1
0.0001068115234375,0.000518798828125,0.000274658203125,9.1552734375e-05,0.0001068115234375,1.52587890625e-05,4.57763671875e-05,0.000213623046875,0.000244140625,0.0005340576171875,0.000396728515625,0.0010986328125,0.00128173828125,0.0134124755859375,0.00384521484375,0.0198974609375,0.0050201416015625,0.0187835693359375,0.0053863525390625,0.0057373046875,0.01495361328125,0.0588531494140625,0.145294189453125,0.0343170166015625,0.323577880859375,0.3459930419921875,Canon120-1
0.000152587890625,0.0009307861328125,0.0005340576171875,0.0006256103515625,0.0002288818359375,0.0004730224609375,0.0002899169921875,0.000579833984375,0.0005340576171875,0.0009918212890625,0.0006103515625,0.00262451171875,0.0032806396484375,0.01092529296875,0.0041351318359375,0.0134124755859375,0.0042724609375,0.0112152099609375,0.0042266845703125,0.0050048828125,0.0132598876953125,0.044403076171875,0.0987091064453125,0.0335540771484375,0.1365814208984375,0.6084442138671875,Canon220
0.0383148193359375,0.0752410888671875,0.0105743408203125,0.0038299560546875,0.001495361328125,0.0009307861328125,0.00079345703125,0.0009918212890625,0.001220703125,0.0013580322265625,0.001251220703125,0.0029296875,0.0041046142578125,0.00689697265625,0.0024871826171875,0.0038299560546875,0.001708984375,0.0040130615234375,0.0019683837890625,0.0025177001953125,0.004241943359375,0.0090484619140625,0.01971435546875,0.04071044921875,0.070404052734375,0.689422607421875,EpsonV550
0.0001678466796875,0.0003204345703125,0.000213623046875,0.0001068115234375,0.000213623046875,9.1552734375e-05,4.57763671875e-05,9.1552734375e-05,0.0001373291015625,0.0003814697265625,0.0002899169921875,0.001068115234375,0.000823974609375,0.0156402587890625,0.002288818359375,0.0221710205078125,0.00421142578125,0.035552978515625,0.002166748046875,0.0027008056640625,0.0076446533203125,0.0403594970703125,0.1022186279296875,0.03631591796875,0.328948974609375,0.3958282470703125,Canon9000-2
0.0036773681640625,0.009124755859375,0.002716064453125,0.0016326904296875,0.0010223388671875,0.000701904296875,0.0005035400390625,0.0007476806640625,0.000732421875,0.0006256103515625,0.0004425048828125,0.0008392333984375,0.00067138671875,0.0041961669921875,0.00140380859375,0.0043792724609375,0.0012969970703125,0.00384521484375,0.0013580322265625,0.0018310546875,0.003631591796875,0.0092010498046875,0.0206146240234375,0.037872314453125,0.072021484375,0.814910888671875,EpsonV39-1
0.037078857421875,0.0771484375,0.0105438232421875,0.0038299560546875,0.001312255859375,0.001251220703125,0.000579833984375,0.000946044921875,0.000762939453125,0.001129150390625,0.0009613037109375,0.0021820068359375,0.0024261474609375,0.004119873046875,0.001708984375,0.0037689208984375,0.0012969970703125,0.002655029296875,0.0016326904296875,0.0017242431640625,0.0045623779296875,0.0088958740234375,0.01983642578125,0.0409393310546875,0.0720672607421875,0.6966400146484375,EpsonV550
0.08013916015625,0.0603179931640625,0.014801025390625,0.004180908203125,0.0018310546875,0.001068115234375,0.0008087158203125,0.0007781982421875,0.0005645751953125,0.000823974609375,0.00054931640625,0.0014801025390625,0.0027923583984375,0.004150390625,0.0012359619140625,0.004119873046875,0.00091552734375,0.0034332275390625,0.00115966796875,0.00164794921875,0.0033721923828125,0.006683349609375,0.014801025390625,0.0466461181640625,0.0774078369140625,0.6642913818359375,HP
0.00128173828125,0.0049591064453125,0.0019683837890625,0.0013885498046875,0.0006103515625,0.0007476806640625,0.0005645751953125,0.00299072265625,0.0011138916015625,0.0015411376953125,0.00164794921875,0.003265380859375,0.002685546875,0.0086212158203125,0.0024566650390625,0.00604248046875,0.0016937255859375,0.007049560546875,0.002716064453125,0.0039215087890625,0.0057220458984375,0.010467529296875,0.021484375,0.0343475341796875,0.0786285400390625,0.792083740234375,Canon220
0.0009918212890625,0.0035552978515625,0.0014190673828125,0.000579833984375,0.00042724609375,0.0003662109375,0.0003509521484375,0.0002593994140625,0.0005340576171875,0.0004425048828125,0.0005340576171875,0.000823974609375,0.000885009765625,0.0052032470703125,0.0017242431640625,0.004364013671875,0.0016021728515625,0.0049896240234375,0.00262451171875,0.0025482177734375,0.006072998046875,0.0155487060546875,0.0286865234375,0.0378265380859375,0.0662841796875,0.8113555908203125,EpsonV39-2
0.000152587890625,0.0007476806640625,0.0006103515625,0.00054931640625,0.0001373291015625,0.000213623046875,0.000213623046875,0.00030517578125,0.000579833984375,0.0008697509765625,0.00079345703125,0.002227783203125,0.00177001953125,0.0095367431640625,0.00445556640625,0.0126190185546875,0.0039825439453125,0.009674072265625,0.003265380859375,0.003753662109375,0.01324462890625,0.044281005859375,0.1002349853515625,0.0337371826171875,0.1454010009765625,0.6066436767578125,Canon220
0.048248291015625,0.0799407958984375,0.0123748779296875,0.0040283203125,0.0014495849609375,0.0010223388671875,0.0004119873046875,0.000640869140625,0.0006256103515625,0.000640869140625,0.000518798828125,0.0011444091796875,0.0018310546875,0.003692626953125,0.0014190673828125,0.0039825439453125,0.000946044921875,0.003173828125,0.0015869140625,0.0018157958984375,0.0035858154296875,0.0076751708984375,0.0162506103515625,0.041046142578125,0.071075439453125,0.6908721923828125,EpsonV370-2
0.0060882568359375,0.01318359375,0.002685546875,0.0007476806640625,0.0007171630859375,0.0005340576171875,0.000457763671875,0.0009613037109375,0.0008544921875,0.0016632080078125,0.000640869140625,0.0019683837890625,0.00115966796875,0.0094757080078125,0.002471923828125,0.0086517333984375,0.0025634765625,0.008087158203125,0.0023956298828125,0.00372314453125,0.0081939697265625,0.024658203125,0.056976318359375,0.0352325439453125,0.0997161865234375,0.7061920166015625,Canon220
0.0,3.0517578125e-05,9.1552734375e-05,0.0001373291015625,3.0517578125e-05,3.0517578125e-05,1.52587890625e-05,0.0001373291015625,0.0001678466796875,0.0004119873046875,0.000152587890625,0.000823974609375,0.0010528564453125,0.0120697021484375,0.002960205078125,0.0195159912109375,0.003570556640625,0.0169219970703125,0.00286865234375,0.0026397705078125,0.0110321044921875,0.0492401123046875,0.1265106201171875,0.0345001220703125,0.303497314453125,0.411590576171875,Canon120-2
0.079681396484375,0.0613250732421875,0.0146942138671875,0.004852294921875,0.0020599365234375,0.00103759765625,0.0006103515625,0.0010223388671875,0.0007781982421875,0.001708984375,0.0010223388671875,0.0021514892578125,0.0030975341796875,0.0045928955078125,0.001373291015625,0.0040283203125,0.0011138916015625,0.003021240234375,0.001617431640625,0.00201416015625,0.00433349609375,0.0070037841796875,0.0156097412109375,0.0442352294921875,0.0782318115234375,0.658782958984375,HP
0.040435791015625,0.0661468505859375,0.0113677978515625,0.00445556640625,0.0020294189453125,0.00140380859375,0.0011444091796875,0.0011138916015625,0.0007171630859375,0.0011749267578125,0.0011444091796875,0.001983642578125,0.0030059814453125,0.005279541015625,0.0020904541015625,0.0043487548828125,0.0013885498046875,0.003753662109375,0.0016021728515625,0.00225830078125,0.0039825439453125,0.0079193115234375,0.0171356201171875,0.0408477783203125,0.0730133056640625,0.70025634765625,EpsonV370-1
0.004638671875,0.0033111572265625,0.0013427734375,0.0009307861328125,0.000732421875,0.0006866455078125,0.0006866455078125,0.0008087158203125,0.0006103515625,0.001190185546875,0.001190185546875,0.0030975341796875,0.003662109375,0.011993408203125,0.0032501220703125,0.0120086669921875,0.0037689208984375,0.0130615234375,0.0040435791015625,0.004058837890625,0.0120391845703125,0.037506103515625,0.0821990966796875,0.030792236328125,0.117095947265625,0.645294189453125,Canon9000-2
0.0355987548828125,0.0841064453125,0.010498046875,0.0033416748046875,0.0012969970703125,0.0007171630859375,0.0005035400390625,0.000732421875,0.0006866455078125,0.0008544921875,0.0015716552734375,0.00250244140625,0.0029449462890625,0.0054779052734375,0.0028076171875,0.0048980712890625,0.0015411376953125,0.0060272216796875,0.0019073486328125,0.002899169921875,0.003692626953125,0.00775146484375,0.01702880859375,0.0478363037109375,0.064300537109375,0.6884765625,EpsonV550
0.036651611328125,0.0674285888671875,0.0107269287109375,0.0040435791015625,0.0020904541015625,0.0011444091796875,0.0005950927734375,0.000732421875,0.0005645751953125,0.0008087158203125,0.0006256103515625,0.0016021728515625,0.0016937255859375,0.0050201416015625,0.00213623046875,0.004425048828125,0.001190185546875,0.003936767578125,0.0013885498046875,0.00152587890625,0.00360107421875,0.0068359375,0.0162506103515625,0.0388336181640625,0.076873779296875,0.7092742919921875,EpsonV370-1
0.0,3.0517578125e-05,0.0001068115234375,0.0001220703125,9.1552734375e-05,4.57763671875e-05,1.52587890625e-05,0.0001068115234375,0.000244140625,0.00042724609375,0.0002593994140625,0.001312255859375,0.001495361328125,0.017364501953125,0.005706787109375,0.02679443359375,0.0061187744140625,0.0260772705078125,0.003997802734375,0.0040435791015625,0.01336669921875,0.05706787109375,0.142791748046875,0.033905029296875,0.3223724365234375,0.3361358642578125,Canon9000-1
0.011810302734375,0.0294189453125,0.007720947265625,0.0035400390625,0.001861572265625,0.0012054443359375,0.000579833984375,0.0004119873046875,0.000762939453125,0.0010528564453125,0.001068115234375,0.0016021728515625,0.002349853515625,0.006195068359375,0.00341796875,0.0063018798828125,0.00213623046875,0.0047454833984375,0.0018310546875,0.00262451171875,0.0040130615234375,0.0115203857421875,0.0362548828125,0.0571136474609375,0.1213531494140625,0.679107666015625,EpsonV550
0.0509796142578125,0.0799102783203125,0.011016845703125,0.0036163330078125,0.0013885498046875,0.0010833740234375,0.00067138671875,0.0009613037109375,0.000701904296875,0.0011138916015625,0.0009765625,0.00274658203125,0.00341796875,0.0062408447265625,0.0023956298828125,0.0045166015625,0.00177001953125,0.0045013427734375,0.0017852783203125,0.00225830078125,0.0035552978515625,0.0064849853515625,0.014495849609375,0.040618896484375,0.0677032470703125,0.685089111328125,EpsonV370-1
0.046295166015625,0.074249267578125,0.0111236572265625,0.00408935546875,0.0018768310546875,0.0013275146484375,0.000946044921875,0.00091552734375,0.0008544921875,0.0009765625,0.00091552734375,0.001983642578125,0.002288818359375,0.005401611328125,0.0026397705078125,0.0066070556640625,0.0017852783203125,0.004638671875,0.0025177001953125,0.00244140625,0.003265380859375,0.0057373046875,0.0143890380859375,0.0430450439453125,0.0691375732421875,0.6905517578125,EpsonV370-1
0.0240936279296875,0.0411224365234375,0.0079498291015625,0.0044708251953125,0.0022125244140625,0.0020751953125,0.001678466796875,0.0018310546875,0.001983642578125,0.002685546875,0.0023345947265625,0.0050048828125,0.0057830810546875,0.00927734375,0.0050201416015625,0.00689697265625,0.00311279296875,0.005340576171875,0.002288818359375,0.0025482177734375,0.0039520263671875,0.00799560546875,0.019256591796875,0.0403900146484375,0.07379150390625,0.7169036865234375,EpsonV370-2
0.0,6.103515625e-05,0.0,6.103515625e-05,0.0,3.0517578125e-05,4.57763671875e-05,0.00048828125,0.0002288818359375,0.00054931640625,0.0002593994140625,0.0013275146484375,0.001251220703125,0.0115203857421875,0.0034332275390625,0.0153045654296875,0.0047607421875,0.018157958984375,0.003753662109375,0.0046234130859375,0.0123443603515625,0.0495452880859375,0.1210479736328125,0.037109375,0.2088165283203125,0.505279541015625,Canon9000-1
0.0213470458984375,0.0471343994140625,0.0100250244140625,0.003814697265625,0.0021209716796875,0.0012664794921875,0.0005645751953125,0.0009613037109375,0.000762939453125,0.0016021728515625,0.00152587890625,0.0022735595703125,0.003448486328125,0.007354736328125,0.003173828125,0.00665283203125,0.0022430419921875,0.006927490234375,0.0027008056640625,0.003143310546875,0.004974365234375,0.0143280029296875,0.026153564453125,0.0479736328125,0.087158203125,0.69036865234375,EpsonV550
0.0030517578125,0.0016632080078125,0.001190185546875,0.0007476806640625,0.0004425048828125,0.0006256103515625,0.00030517578125,0.00079345703125,0.0005645751953125,0.00103759765625,0.000732421875,0.0025177001953125,0.001953125,0.0138092041015625,0.00433349609375,0.016265869140625,0.0046234130859375,0.017242431640625,0.0038604736328125,0.0047607421875,0.0130462646484375,0.053497314453125,0.1333465576171875,0.035369873046875,0.27783203125,0.4063873291015625,Canon9000-1
0.00311279296875,0.0060577392578125,0.0027008056640625,0.00140380859375,0.0011444091796875,0.0012969970703125,0.0006866455078125,0.001220703125,0.001251220703125,0.0017852783203125,0.0012359619140625,0.0056610107421875,0.0047607421875,0.0103912353515625,0.0023956298828125,0.0067596435546875,0.0016632080078125,0.005035400390625,0.001617431640625,0.00164794921875,0.0028533935546875,0.0072479248046875,0.0164947509765625,0.0374603271484375,0.0803070068359375,0.7938079833984375,Canon120-1
0.000885009765625,0.0011138916015625,0.000274658203125,0.000213623046875,0.0001373291015625,0.0002593994140625,0.000244140625,0.000518798828125,0.0002593994140625,0.000518798828125,0.0002899169921875,0.00115966796875,0.0013427734375,0.01043701171875,0.0026702880859375,0.0124969482421875,0.0028076171875,0.011749267578125,0.0039520263671875,0.0052947998046875,0.0149078369140625,0.05120849609375,0.11822509765625,0.0310821533203125,0.17041015625,0.5575408935546875,Canon9000-2
0.000701904296875,0.0028076171875,0.0012969970703125,0.000946044921875,0.0006866455078125,0.00054931640625,0.0005950927734375,0.000579833984375,0.0008544921875,0.0008697509765625,0.0005035400390625,0.00128173828125,0.00091552734375,0.0038604736328125,0.00177001953125,0.0052490234375,0.0018768310546875,0.0049896240234375,0.002471923828125,0.002685546875,0.0075225830078125,0.01300048828125,0.0260009765625,0.0272064208984375,0.074981689453125,0.8157958984375,Canon120-1
0.0323638916015625,0.0701446533203125,0.01129150390625,0.0038909912109375,0.001800537109375,0.0009002685546875,0.00067138671875,0.0008697509765625,0.0010528564453125,0.001251220703125,0.001495361328125,0.002899169921875,0.0040283203125,0.005279541015625,0.0028533935546875,0.0048980712890625,0.0016632080078125,0.0041961669921875,0.0018157958984375,0.00262451171875,0.006317138671875,0.010528564453125,0.0241851806640625,0.040985107421875,0.0750885009765625,0.6869049072265625,EpsonV550
0.026702880859375,0.0550537109375,0.01019287109375,0.00390625,0.00201416015625,0.0014495849609375,0.000732421875,0.00067138671875,0.000701904296875,0.000823974609375,0.0008087158203125,0.0014190673828125,0.0020294189453125,0.00445556640625,0.002349853515625,0.0066680908203125,0.001861572265625,0.00396728515625,0.002197265625,0.00238037109375,0.00433349609375,0.007843017578125,0.0165252685546875,0.0364837646484375,0.0699462890625,0.7344818115234375,EpsonV370-1
0.00201416015625,0.00616455078125,0.0019989013671875,0.001434326171875,0.000946044921875,0.000701904296875,0.00054931640625,0.0007476806640625,0.0007476806640625,0.0007171630859375,0.0004730224609375,0.0009002685546875,0.001190185546875,0.0038604736328125,0.00140380859375,0.003662109375,0.0010833740234375,0.0026397705078125,0.0011749267578125,0.001312255859375,0.002410888671875,0.0064544677734375,0.0187225341796875,0.0402069091796875,0.0807342529296875,0.8177490234375,Canon220
0.000732421875,0.0011444091796875,0.0004119873046875,0.000152587890625,0.000213623046875,0.00042724609375,0.000274658203125,0.000335693359375,0.00067138671875,0.0007171630859375,0.0010223388671875,0.0015716552734375,0.001739501953125,0.00482177734375,0.0020904541015625,0.00482177734375,0.002105712890625,0.005218505859375,0.0039825439453125,0.005401611328125,0.0105743408203125,0.024017333984375,0.0478363037109375,0.02392578125,0.0833282470703125,0.7724609375,Canon120-2
0.016357421875,0.03216552734375,0.00726318359375,0.00390625,0.001983642578125,0.001739501953125,0.0012969970703125,0.0017547607421875,0.001708984375,0.0026702880859375,0.00225830078125,0.00445556640625,0.005950927734375,0.00946044921875,0.0034942626953125,0.0082550048828125,0.00244140625,0.007049560546875,0.0018768310546875,0.0029449462890625,0.0033416748046875,0.0076904296875,0.0177459716796875,0.0425262451171875,0.0673675537109375,0.7422943115234375,EpsonV370-2
0.0298919677734375,0.0570526123046875,0.0098876953125,0.00335693359375,0.0016937255859375,0.0015869140625,0.0010223388671875,0.0010986328125,0.0008697509765625,0.0016326904296875,0.00128173828125,0.0026092529296875,0.0032958984375,0.0048828125,0.002227783203125,0.0041046142578125,0.0016632080078125,0.003021240234375,0.001800537109375,0.0020904541015625,0.004180908203125,0.007965087890625,0.0163421630859375,0.040130615234375,0.067047119140625,0.7292633056640625,EpsonV370-2
0.000244140625,0.0010528564453125,0.0005035400390625,0.0003509521484375,0.0003204345703125,0.000274658203125,0.0004119873046875,0.00067138671875,0.00054931640625,0.0007171630859375,0.0008087158203125,0.0028228759765625,0.0029449462890625,0.00787353515625,0.0027313232421875,0.0069732666015625,0.002410888671875,0.006591796875,0.0036773681640625,0.0042724609375,0.010009765625,0.0250244140625,0.0469970703125,0.0286407470703125,0.081939697265625,0.7611846923828125,Canon220
0.0139923095703125,0.0283966064453125,0.0065765380859375,0.0034027099609375,0.00189208984375,0.001922607421875,0.0012969970703125,0.0015411376953125,0.001251220703125,0.001861572265625,0.001922607421875,0.0034332275390625,0.0041961669921875,0.008148193359375,0.003692626953125,0.0073089599609375,0.00238037109375,0.0059814453125,0.002471923828125,0.0027008056640625,0.003997802734375,0.008758544921875,0.0228271484375,0.0457763671875,0.0930023193359375,0.7212677001953125,EpsonV550
0.0483856201171875,0.0588531494140625,0.0139617919921875,0.0054779052734375,0.0024261474609375,0.0017852783203125,0.0013275146484375,0.0013427734375,0.001556396484375,0.0018463134765625,0.0023956298828125,0.004364013671875,0.0059814453125,0.0100860595703125,0.0040740966796875,0.0063323974609375,0.0025177001953125,0.004364013671875,0.0020904541015625,0.0025787353515625,0.0037689208984375,0.0083770751953125,0.02178955078125,0.0431671142578125,0.07843017578125,0.6627197265625,EpsonV370-2
0.0005340576171875,0.0009765625,0.00054931640625,0.0003814697265625,0.000335693359375,0.0003814697265625,0.0002593994140625,0.0005035400390625,0.0007171630859375,0.000885009765625,0.0009918212890625,0.004425048828125,0.0050811767578125,0.0133514404296875,0.004608154296875,0.010284423828125,0.0038909912109375,0.007843017578125,0.004302978515625,0.00543212890625,0.0142669677734375,0.039764404296875,0.086212158203125,0.0266571044921875,0.1118316650390625,0.6555328369140625,Canon220
0.0761871337890625,0.0579376220703125,0.0153656005859375,0.004913330078125,0.003173828125,0.00152587890625,0.001190185546875,0.001434326171875,0.0009765625,0.001373291015625,0.0012664794921875,0.0028839111328125,0.0043487548828125,0.006805419921875,0.00244140625,0.00408935546875,0.0018310546875,0.003875732421875,0.0023040771484375,0.0023956298828125,0.00262451171875,0.006134033203125,0.0131988525390625,0.0477142333984375,0.06976318359375,0.66424560546875,HP
0.0105133056640625,0.0231170654296875,0.005279541015625,0.0022735595703125,0.00140380859375,0.001495361328125,0.000946044921875,0.0021209716796875,0.0014801025390625,0.0020904541015625,0.00189208984375,0.0035858154296875,0.0041656494140625,0.0081787109375,0.00360107421875,0.0069427490234375,0.0030517578125,0.0061492919921875,0.0029296875,0.0037078857421875,0.00732421875,0.0174560546875,0.0349884033203125,0.036285400390625,0.082366943359375,0.726654052734375,EpsonV370-2
0.001922607421875,0.00421142578125,0.001922607421875,0.00146484375,0.00091552734375,0.00079345703125,0.000396728515625,0.0006103515625,0.00067138671875,0.00067138671875,0.0006103515625,0.0010223388671875,0.0013275146484375,0.004486083984375,0.0013275146484375,0.004119873046875,0.0013427734375,0.0054168701171875,0.00164794921875,0.001800537109375,0.0031585693359375,0.00738525390625,0.020721435546875,0.045318603515625,0.0816650390625,0.8050689697265625,Canon120-1
0.003509521484375,0.0063323974609375,0.0020599365234375,0.0015716552734375,0.001068115234375,0.001007080078125,0.00103759765625,0.0010986328125,0.0009918212890625,0.0016326904296875,0.001251220703125,0.003021240234375,0.0040740966796875,0.0122222900390625,0.0032196044921875,0.011749267578125,0.0035858154296875,0.01190185546875,0.0037841796875,0.00469970703125,0.0121307373046875,0.0297088623046875,0.0636749267578125,0.0343017578125,0.105224609375,0.675140380859375,EpsonV39-1
0.0011138916015625,0.0036773681640625,0.0012054443359375,0.0007476806640625,0.0008392333984375,0.000762939453125,0.0006103515625,0.0009765625,0.0007171630859375,0.0009002685546875,0.00054931640625,0.00164794921875,0.001312255859375,0.004608154296875,0.0020751953125,0.005645751953125,0.0023040771484375,0.004852294921875,0.002777099609375,0.0027008056640625,0.005706787109375,0.0121002197265625,0.02557373046875,0.0291290283203125,0.0653228759765625,0.8221435546875,Canon120-1
0.019134521484375,0.0387420654296875,0.0055084228515625,0.0024261474609375,0.0013427734375,0.0009307861328125,0.0006103515625,0.000885009765625,0.0010986328125,0.0013275146484375,0.0013885498046875,0.002227783203125,0.002838134765625,0.006805419921875,0.0029449462890625,0.006256103515625,0.0014801025390625,0.0048370361328125,0.0019378662109375,0.0019378662109375,0.003997802734375,0.00970458984375,0.021881103515625,0.0404510498046875,0.0781097412109375,0.7411956787109375,EpsonV370-1
0.0042572021484375,0.009521484375,0.004425048828125,0.002227783203125,0.0011138916015625,0.0014801025390625,0.001007080078125,0.00140380859375,0.001007080078125,0.0013275146484375,0.00067138671875,0.0017852783203125,0.0016632080078125,0.0046844482421875,0.0020294189453125,0.0040435791015625,0.00189208984375,0.004852294921875,0.0018768310546875,0.0023345947265625,0.00384521484375,0.0091552734375,0.0194091796875,0.03643798828125,0.0877227783203125,0.789825439453125,Canon220
0.0775604248046875,0.0621490478515625,0.0159149169921875,0.0045166015625,0.0020294189453125,0.001129150390625,0.000762939453125,0.0008544921875,0.0007476806640625,0.00115966796875,0.0008392333984375,0.0023345947265625,0.0036468505859375,0.005340576171875,0.002044677734375,0.004302978515625,0.0014190673828125,0.003265380859375,0.00152587890625,0.0022735595703125,0.004150390625,0.0077362060546875,0.015472412109375,0.0427398681640625,0.076019287109375,0.660064697265625,HP
0.0105438232421875,0.0130157470703125,0.00347900390625,0.0019073486328125,0.001495361328125,0.0012359619140625,0.0009002685546875,0.001251220703125,0.0012969970703125,0.00201416015625,0.001129150390625,0.0023345947265625,0.0028839111328125,0.00762939453125,0.0026397705078125,0.006439208984375,0.001922607421875,0.0058441162109375,0.001312255859375,0.0015716552734375,0.0032196044921875,0.0065155029296875,0.01629638671875,0.0413818359375,0.0758514404296875,0.785888671875,Canon220
0.0752716064453125,0.058868408203125,0.0152435302734375,0.0049285888671875,0.003021240234375,0.0015716552734375,0.000885009765625,0.0010986328125,0.0008697509765625,0.0009918212890625,0.001190185546875,0.003570556640625,0.0059661865234375,0.007171630859375,0.0025787353515625,0.0048370361328125,0.0015869140625,0.0036163330078125,0.002044677734375,0.0028228759765625,0.004486083984375,0.0067138671875,0.01580810546875,0.047515869140625,0.07403564453125,0.6533050537109375,HP
1.52587890625e-05,0.00018310546875,0.0001373291015625,0.000213623046875,7.62939453125e-05,0.0001373291015625,7.62939453125e-05,0.0001983642578125,0.0001373291015625,0.0003204345703125,0.00030517578125,0.0007476806640625,0.001190185546875,0.0139312744140625,0.0028228759765625,0.02374267578125,0.0041961669921875,0.0224151611328125,0.003143310546875,0.003387451171875,0.0101165771484375,0.0447540283203125,0.113555908203125,0.0350799560546875,0.31634521484375,0.40277099609375,Canon120-2
0.0,3.0517578125e-05,0.0,7.62939453125e-05,1.52587890625e-05,7.62939453125e-05,4.57763671875e-05,0.0002288818359375,0.0002288818359375,0.000640869140625,0.0001983642578125,0.0008392333984375,0.000762939453125,0.0164947509765625,0.0036163330078125,0.0229339599609375,0.0046539306640625,0.0236358642578125,0.00421142578125,0.004486083984375,0.009429931640625,0.0469512939453125,0.114105224609375,0.030975341796875,0.385894775390625,0.3294677734375,Canon9000-2
0.032928466796875,0.08221435546875,0.0113372802734375,0.00341796875,0.0012664794921875,0.000885009765625,0.000396728515625,0.0009307861328125,0.000640869140625,0.0011138916015625,0.0010833740234375,0.0018463134765625,0.0033111572265625,0.005126953125,0.002532958984375,0.004364013671875,0.0016937255859375,0.0039215087890625,0.0014801025390625,0.002197265625,0.00390625,0.0077667236328125,0.017822265625,0.0413665771484375,0.0687408447265625,0.6977081298828125,EpsonV550
0.0006866455078125,0.0032501220703125,0.001068115234375,0.00054931640625,0.0003814697265625,0.0004425048828125,0.000274658203125,0.0006561279296875,0.0006561279296875,0.0009307861328125,0.0008544921875,0.001953125,0.00164794921875,0.008880615234375,0.004058837890625,0.0113067626953125,0.0040740966796875,0.0099029541015625,0.0052490234375,0.005706787109375,0.0160675048828125,0.043365478515625,0.0919342041015625,0.0311431884765625,0.1218719482421875,0.633087158203125,Canon220
0.0001678466796875,0.000640869140625,0.0004425048828125,0.0003509521484375,0.0002899169921875,0.00042724609375,0.000335693359375,0.00067138671875,0.0006866455078125,0.0014190673828125,0.0012054443359375,0.0025787353515625,0.0023345947265625,0.0130615234375,0.0040435791015625,0.016632080078125,0.005401611328125,0.0159454345703125,0.004547119140625,0.0051422119140625,0.0123291015625,0.04595947265625,0.1116180419921875,0.0349273681640625,0.197265625,0.521575927734375,Canon9000-2
0.080413818359375,0.0620880126953125,0.0136871337890625,0.0040130615234375,0.0019378662109375,0.0009918212890625,0.000762939453125,0.000579833984375,0.00054931640625,0.000640869140625,0.00042724609375,0.0016326904296875,0.0023956298828125,0.0053253173828125,0.000885009765625,0.0040740966796875,0.001007080078125,0.0027618408203125,0.001922607421875,0.0021209716796875,0.0030670166015625,0.0061187744140625,0.01287841796875,0.040924072265625,0.0666656494140625,0.68212890625,HP
4.57763671875e-05,0.000152587890625,0.000244140625,0.000274658203125,0.0001220703125,0.0001220703125,0.0001068115234375,0.0003509521484375,0.00030517578125,0.000396728515625,0.0003509521484375,0.0013580322265625,0.0014801025390625,0.0145263671875,0.0036163330078125,0.020172119140625,0.004547119140625,0.021759033203125,0.0032958984375,0.003814697265625,0.010345458984375,0.043975830078125,0.1074981689453125,0.033966064453125,0.294158935546875,0.433013916015625,Canon9000-2
0.0274658203125,0.0440673828125,0.0071563720703125,0.002838134765625,0.0014495849609375,0.0009002685546875,0.0005035400390625,0.001007080078125,0.0009613037109375,0.0009918212890625,0.0012359619140625,0.001708984375,0.0026702880859375,0.0062408447265625,0.0020751953125,0.0046234130859375,0.00152587890625,0.0039825439453125,0.0016021728515625,0.0023040771484375,0.00323486328125,0.0089263916015625,0.020050048828125,0.0435028076171875,0.0832061767578125,0.72576904296875,EpsonV370-1
0.01092529296875,0.0086212158203125,0.0043182373046875,0.002777099609375,0.0015411376953125,0.0017242431640625,0.0012359619140625,0.001922607421875,0.0018463134765625,0.0025634765625,0.0024871826171875,0.0046234130859375,0.0057373046875,0.0152130126953125,0.0055694580078125,0.0147247314453125,0.004974365234375,0.0141143798828125,0.004425048828125,0.0057220458984375,0.0106201171875,0.0349884033203125,0.08013916015625,0.034637451171875,0.186126708984375,0.538421630859375,EpsonV39-2
0.0005035400390625,0.0005645751953125,0.0001983642578125,0.0001068115234375,9.1552734375e-05,0.000244140625,0.00018310546875,0.000579833984375,0.000335693359375,0.000762939453125,0.00054931640625,0.001953125,0.0015411376953125,0.0160980224609375,0.0030059814453125,0.0189666748046875,0.0040435791015625,0.0197601318359375,0.0031280517578125,0.0040740966796875,0.0117645263671875,0.0548553466796875,0.1375885009765625,0.03387451171875,0.364593505859375,0.3206329345703125,Canon9000-1
0.0785675048828125,0.0594024658203125,0.014404296875,0.0042572021484375,0.001678466796875,0.0009765625,0.0008544921875,0.00079345703125,0.00054931640625,0.0006866455078125,0.0006256103515625,0.0010528564453125,0.0012664794921875,0.0037078857421875,0.00152587890625,0.00469970703125,0.0009765625,0.0037689208984375,0.0015716552734375,0.002471923828125,0.00262451171875,0.0057373046875,0.013885498046875,0.0456695556640625,0.072418212890625,0.6758270263671875,HP
0.0041351318359375,0.0027313232421875,0.0016632080078125,0.0011138916015625,0.0007781982421875,0.00079345703125,0.0006866455078125,0.0007781982421875,0.000701904296875,0.0014190673828125,0.001190185546875,0.002838134765625,0.002593994140625,0.017120361328125,0.004364013671875,0.0212249755859375,0.0051727294921875,0.0221099853515625,0.0051727294921875,0.0062713623046875,0.014556884765625,0.0494384765625,0.11767578125,0.0312042236328125,0.3981781005859375,0.2860870361328125,Canon120-2
3.0517578125e-05,0.0004730224609375,0.000396728515625,0.00030517578125,0.0001068115234375,6.103515625e-05,9.1552734375e-05,0.0001068115234375,0.000213623046875,0.00030517578125,0.000213623046875,0.0005340576171875,0.0006866455078125,0.0115814208984375,0.0012664794921875,0.0142669677734375,0.00213623046875,0.014312744140625,0.00323486328125,0.0037841796875,0.0141143798828125,0.0525665283203125,0.1285858154296875,0.0336456298828125,0.2137451171875,0.50323486328125,Canon9000-2
0.0047760009765625,0.004058837890625,0.0020294189453125,0.0010986328125,0.000732421875,0.0007476806640625,0.000579833984375,0.000457763671875,0.0006256103515625,0.0011444091796875,0.0008544921875,0.0025634765625,0.00213623046875,0.0107879638671875,0.0036468505859375,0.0126953125,0.0037078857421875,0.012115478515625,0.003692626953125,0.00445556640625,0.011993408203125,0.04315185546875,0.0970916748046875,0.0334930419921875,0.165496826171875,0.57586669921875,Canon9000-1
0.0,3.0517578125e-05,1.52587890625e-05,0.0,0.0,3.0517578125e-05,3.0517578125e-05,0.0001068115234375,0.0001678466796875,0.00030517578125,0.0001983642578125,0.0012664794921875,0.000762939453125,0.0126800537109375,0.0018157958984375,0.011505126953125,0.0026397705078125,0.01171875,0.002593994140625,0.00347900390625,0.0141754150390625,0.0750579833984375,0.185394287109375,0.0352935791015625,0.341094970703125,0.2996368408203125,Canon120-1
0.0016021728515625,0.005462646484375,0.0013580322265625,0.0014495849609375,0.000762939453125,0.0004730224609375,0.00042724609375,0.00048828125,0.00067138671875,0.0009613037109375,0.000640869140625,0.0010528564453125,0.000946044921875,0.005828857421875,0.0014495849609375,0.0059051513671875,0.001861572265625,0.006927490234375,0.0019378662109375,0.0026702880859375,0.005615234375,0.01531982421875,0.0323944091796875,0.034942626953125,0.073333740234375,0.7955169677734375,EpsonV39-2
0.002899169921875,0.0094146728515625,0.002532958984375,0.0013427734375,0.000946044921875,0.0009765625,0.000457763671875,0.0005645751953125,0.000732421875,0.0009765625,0.000732421875,0.0008697509765625,0.00115966796875,0.00390625,0.0013427734375,0.00335693359375,0.001007080078125,0.004669189453125,0.0014190673828125,0.00164794921875,0.002899169921875,0.0075225830078125,0.0162506103515625,0.0345001220703125,0.0716705322265625,0.826202392578125,Canon220
0.0488739013671875,0.08734130859375,0.0090484619140625,0.0030364990234375,0.000946044921875,0.00079345703125,0.0005340576171875,0.0006256103515625,0.000732421875,0.001373291015625,0.0014801025390625,0.0027618408203125,0.0034332275390625,0.00677490234375,0.00360107421875,0.0058441162109375,0.0020294189453125,0.0048980712890625,0.0022125244140625,0.0029296875,0.007171630859375,0.01458740234375,0.0355682373046875,0.049285888671875,0.08526611328125,0.6188507080078125,EpsonV550
0.000213623046875,0.000732421875,0.0005035400390625,0.0005035400390625,0.00030517578125,0.0003509521484375,0.0002288818359375,0.00189208984375,0.0006561279296875,0.0015106201171875,0.0010528564453125,0.00347900390625,0.0019683837890625,0.0195770263671875,0.0023651123046875,0.0179901123046875,0.002685546875,0.0223388671875,0.002532958984375,0.002899169921875,0.010833740234375,0.047119140625,0.1161956787109375,0.0405731201171875,0.2342987060546875,0.467193603515625,Canon9000-2
0.0003509521484375,0.0008392333984375,0.00042724609375,0.0001678466796875,0.0001678466796875,9.1552734375e-05,0.0001678466796875,0.0005645751953125,0.0003204345703125,0.0004730224609375,0.000213623046875,0.001190185546875,0.00115966796875,0.01495361328125,0.0042877197265625,0.01995849609375,0.0049591064453125,0.0193939208984375,0.0043182373046875,0.0052642822265625,0.0150146484375,0.0584259033203125,0.1432952880859375,0.0339813232421875,0.301422119140625,0.36859130859375,Canon9000-2
0.080780029296875,0.0579071044921875,0.0146026611328125,0.004425048828125,0.0023193359375,0.0015869140625,0.0010223388671875,0.00091552734375,0.000701904296875,0.001373291015625,0.001190185546875,0.00250244140625,0.00341796875,0.005889892578125,0.001708984375,0.0039215087890625,0.0009613037109375,0.0029449462890625,0.0016937255859375,0.002227783203125,0.0038909912109375,0.0063934326171875,0.0162811279296875,0.0471954345703125,0.0758514404296875,0.658294677734375,HP
0.002166748046875,0.00286865234375,0.000946044921875,0.00067138671875,0.000640869140625,0.00042724609375,0.00042724609375,0.0007171630859375,0.0007171630859375,0.0009307861328125,0.0006103515625,0.00164794921875,0.0011749267578125,0.0055084228515625,0.001922607421875,0.00604248046875,0.002349853515625,0.006591796875,0.003387451171875,0.00408935546875,0.0092315673828125,0.019134521484375,0.0391387939453125,0.0278778076171875,0.0763702392578125,0.7844085693359375,Canon120-1
0.0,4.57763671875e-05,0.0001220703125,4.57763671875e-05,3.0517578125e-05,1.52587890625e-05,3.0517578125e-05,0.0001220703125,0.000244140625,0.000244140625,0.0001983642578125,0.00067138671875,0.0008087158203125,0.013092041015625,0.00244140625,0.016815185546875,0.0031890869140625,0.0158843994140625,0.0031585693359375,0.00311279296875,0.0111846923828125,0.0532073974609375,0.136383056640625,0.0297088623046875,0.48919677734375,0.2200469970703125,Canon120-2
0.0023345947265625,0.0017242431640625,0.0007781982421875,0.0005645751953125,0.000518798828125,0.000640869140625,0.00048828125,0.00079345703125,0.0006866455078125,0.0009307861328125,0.00079345703125,0.0020599365234375,0.0019683837890625,0.0102386474609375,0.0031890869140625,0.01251220703125,0.0037689208984375,0.012420654296875,0.0037384033203125,0.0043487548828125,0.0135650634765625,0.05401611328125,0.1331939697265625,0.0345306396484375,0.1912078857421875,0.5089874267578125,Canon9000-1
0.024871826171875,0.062225341796875,0.010101318359375,0.00433349609375,0.0015716552734375,0.0008697509765625,0.0004425048828125,0.00054931640625,0.0006866455078125,0.0011138916015625,0.0015106201171875,0.002288818359375,0.00421142578125,0.0056915283203125,0.00323486328125,0.0049285888671875,0.0016937255859375,0.00421142578125,0.00164794921875,0.0027618408203125,0.0055999755859375,0.0104827880859375,0.0233612060546875,0.042694091796875,0.0739288330078125,0.704986572265625,EpsonV550
0.027069091796875,0.0608673095703125,0.0098419189453125,0.0037689208984375,0.0014190673828125,0.0010223388671875,0.0003814697265625,0.001068115234375,0.000732421875,0.0011749267578125,0.001678466796875,0.0031585693359375,0.004669189453125,0.0081939697265625,0.00433349609375,0.009918212890625,0.0030975341796875,0.009552001953125,0.0022735595703125,0.0025177001953125,0.005126953125,0.0114898681640625,0.0301513671875,0.0515899658203125,0.1027679443359375,0.6421356201171875,EpsonV550
0.0787811279296875,0.05889892578125,0.0144805908203125,0.0042266845703125,0.0023956298828125,0.0012969970703125,0.0010528564453125,0.0009765625,0.0009918212890625,0.0010986328125,0.0010986328125,0.00213623046875,0.0035247802734375,0.0054779052734375,0.0014801025390625,0.00421142578125,0.001129150390625,0.0031585693359375,0.0015716552734375,0.00213623046875,0.0030364990234375,0.00531005859375,0.0133209228515625,0.04595947265625,0.0709686279296875,0.6712799072265625,HP
0.072174072265625,0.0569000244140625,0.014923095703125,0.0052337646484375,0.0027313232421875,0.0020599365234375,0.001495361328125,0.0014495849609375,0.0012359619140625,0.0018768310546875,0.0019683837890625,0.0042266845703125,0.007354736328125,0.00946044921875,0.0029144287109375,0.00494384765625,0.0019378662109375,0.0048675537109375,0.0024871826171875,0.0025634765625,0.0043487548828125,0.007415771484375,0.0157470703125,0.0468597412109375,0.07305908203125,0.6497650146484375,HP
0.0812225341796875,0.061431884765625,0.0153961181640625,0.0048065185546875,0.00225830078125,0.0010986328125,0.0011444091796875,0.001007080078125,0.0008392333984375,0.0010833740234375,0.0008392333984375,0.00189208984375,0.00238037109375,0.0039520263671875,0.00128173828125,0.0035400390625,0.0012664794921875,0.003448486328125,0.001678466796875,0.001922607421875,0.0042572021484375,0.0075836181640625,0.0162811279296875,0.043487548828125,0.0770263671875,0.65887451171875,HP
0.0809783935546875,0.0618438720703125,0.0143890380859375,0.00421142578125,0.001617431640625,0.0007781982421875,0.0005340576171875,0.00067138671875,0.0005035400390625,0.0003204345703125,0.00048828125,0.0013427734375,0.0023651123046875,0.005096435546875,0.00067138671875,0.0028839111328125,0.0006866455078125,0.0023345947265625,0.001129150390625,0.0016021728515625,0.0029449462890625,0.005584716796875,0.0129852294921875,0.04278564453125,0.0666351318359375,0.6846160888671875,HP
3.0517578125e-05,7.62939453125e-05,0.0,3.0517578125e-05,1.52587890625e-05,3.0517578125e-05,4.57763671875e-05,0.0001678466796875,0.000244140625,0.00042724609375,0.0002288818359375,0.0017547607421875,0.0018310546875,0.0125732421875,0.0041961669921875,0.015838623046875,0.0040283203125,0.012725830078125,0.0042266845703125,0.004913330078125,0.0139007568359375,0.0571746826171875,0.1353607177734375,0.03118896484375,0.2508392333984375,0.448150634765625,Canon9000-1
0.031829833984375,0.0600128173828125,0.0110015869140625,0.0037078857421875,0.00152587890625,0.001129150390625,0.0007171630859375,0.0007171630859375,0.0008087158203125,0.0011444091796875,0.000946044921875,0.00189208984375,0.0032501220703125,0.00518798828125,0.0024261474609375,0.0045928955078125,0.001678466796875,0.003326416015625,0.00140380859375,0.0019073486328125,0.00396728515625,0.0067901611328125,0.0153350830078125,0.0413970947265625,0.072601318359375,0.720703125,EpsonV370-2
0.015106201171875,0.035186767578125,0.0091094970703125,0.0035858154296875,0.0019989013671875,0.001617431640625,0.0009918212890625,0.00146484375,0.0012359619140625,0.0018463134765625,0.0016937255859375,0.0037384033203125,0.0043487548828125,0.0089569091796875,0.0037841796875,0.0084381103515625,0.0023345947265625,0.005950927734375,0.0020751953125,0.002716064453125,0.0051727294921875,0.010284423828125,0.0218658447265625,0.0380706787109375,0.083099365234375,0.7253265380859375,EpsonV370-2
0.0015716552734375,0.0041351318359375,0.001251220703125,0.0007781982421875,0.000518798828125,0.000640869140625,0.00054931640625,0.0007171630859375,0.0006866455078125,0.0010223388671875,0.000762939453125,0.0016937255859375,0.0013580322265625,0.0078887939453125,0.003204345703125,0.00830078125,0.002899169921875,0.006591796875,0.0035552978515625,0.0043792724609375,0.0113677978515625,0.029022216796875,0.0601959228515625,0.0313873291015625,0.10675048828125,0.708770751953125,EpsonV39-2
0.012969970703125,0.0126953125,0.0054779052734375,0.00311279296875,0.00189208984375,0.001800537109375,0.001373291015625,0.0020751953125,0.0019683837890625,0.0018463134765625,0.0018768310546875,0.0042266845703125,0.0034637451171875,0.007537841796875,0.003143310546875,0.0049591064453125,0.002349853515625,0.0047149658203125,0.002288818359375,0.0030517578125,0.00634765625,0.0107879638671875,0.0202789306640625,0.031219482421875,0.0764617919921875,0.7720794677734375,Canon220
0.0001373291015625,0.000518798828125,0.000457763671875,0.00030517578125,0.0002593994140625,0.0001983642578125,0.0001220703125,0.000152587890625,0.000274658203125,0.0005340576171875,0.0006256103515625,0.001190185546875,0.001190185546875,0.0050506591796875,0.002532958984375,0.0059967041015625,0.001983642578125,0.0065460205078125,0.0033416748046875,0.0044708251953125,0.010498046875,0.0247344970703125,0.0456695556640625,0.0246734619140625,0.08538818359375,0.7731475830078125,Canon220
0.0020294189453125,0.0053558349609375,0.0012664794921875,0.001068115234375,0.0007171630859375,0.00054931640625,0.0004425048828125,0.0008392333984375,0.0006256103515625,0.001068115234375,0.0006866455078125,0.0015106201171875,0.0011138916015625,0.0119781494140625,0.001556396484375,0.0126800537109375,0.002471923828125,0.01458740234375,0.00347900390625,0.004241943359375,0.0142059326171875,0.040283203125,0.08990478515625,0.035614013671875,0.13922119140625,0.6125030517578125,EpsonV39-2
0.0069580078125,0.012786865234375,0.0028228759765625,0.0014190673828125,0.0009918212890625,0.0010223388671875,0.00079345703125,0.0018157958984375,0.001220703125,0.0017547607421875,0.0009765625,0.003021240234375,0.0022125244140625,0.008392333984375,0.0030975341796875,0.0064697265625,0.0021514892578125,0.0057525634765625,0.00274658203125,0.003265380859375,0.0064239501953125,0.0189361572265625,0.040679931640625,0.034088134765625,0.0797271728515625,0.7504730224609375,EpsonV39-2
0.0053253173828125,0.01263427734375,0.00457763671875,0.002777099609375,0.0011138916015625,0.0012969970703125,0.000762939453125,0.0008392333984375,0.0007781982421875,0.0010986328125,0.000762939453125,0.00146484375,0.00152587890625,0.0049591064453125,0.0018157958984375,0.0044097900390625,0.0013275146484375,0.00537109375,0.0023040771484375,0.00299072265625,0.0069732666015625,0.0129241943359375,0.0241546630859375,0.0324859619140625,0.074920654296875,0.7904052734375,EpsonV39-1
3.0517578125e-05,0.0001373291015625,3.0517578125e-05,3.0517578125e-05,3.0517578125e-05,0.0001373291015625,0.0001373291015625,0.0006561279296875,0.0001678466796875,0.0005035400390625,0.0001678466796875,0.000396728515625,0.0006866455078125,0.0141754150390625,0.00201416015625,0.0256500244140625,0.002593994140625,0.021881103515625,0.0023651123046875,0.0020599365234375,0.0082244873046875,0.050140380859375,0.1316375732421875,0.0296173095703125,0.4661712646484375,0.2403564453125,Canon9000-2
0.0015411376953125,0.001251220703125,0.00048828125,0.00048828125,0.000335693359375,0.000457763671875,0.0005035400390625,0.0007171630859375,0.000823974609375,0.001129150390625,0.0009002685546875,0.00189208984375,0.0017242431640625,0.015869140625,0.003753662109375,0.0208892822265625,0.007232666015625,0.026092529296875,0.0056610107421875,0.0061798095703125,0.0129547119140625,0.0483551025390625,0.116973876953125,0.0329437255859375,0.3339996337890625,0.356842041015625,Canon9000-2
0.0013427734375,0.0032196044921875,0.00115966796875,0.0007781982421875,0.0005035400390625,0.0004425048828125,0.0002899169921875,0.0003662109375,0.00048828125,0.0006561279296875,0.000701904296875,0.0014190673828125,0.001739501953125,0.004425048828125,0.0014190673828125,0.0037384033203125,0.001708984375,0.0048675537109375,0.002166748046875,0.0022125244140625,0.003692626953125,0.0094146728515625,0.0191802978515625,0.030792236328125,0.0782012939453125,0.8250732421875,Canon220
3.0517578125e-05,0.0002899169921875,0.0001373291015625,7.62939453125e-05,0.0001373291015625,0.000213623046875,0.000152587890625,0.0006866455078125,0.0005340576171875,0.0007476806640625,0.0001983642578125,0.0013427734375,0.001678466796875,0.018218994140625,0.004547119140625,0.0243377685546875,0.0058135986328125,0.022125244140625,0.003631591796875,0.0042724609375,0.0062255859375,0.0356597900390625,0.0937957763671875,0.025634765625,0.4945831298828125,0.2549285888671875,Canon9000-1
0.00238037109375,0.008026123046875,0.0022735595703125,0.00146484375,0.000946044921875,0.0008087158203125,0.0005645751953125,0.0006103515625,0.0005950927734375,0.000457763671875,0.00048828125,0.001220703125,0.000579833984375,0.004241943359375,0.0016021728515625,0.00408935546875,0.0012969970703125,0.0037841796875,0.002593994140625,0.00299072265625,0.00689697265625,0.0157928466796875,0.0323486328125,0.0335235595703125,0.0741424560546875,0.7962799072265625,EpsonV39-2
0.0300140380859375,0.051544189453125,0.0096282958984375,0.0043182373046875,0.00238037109375,0.001373291015625,0.000885009765625,0.0013580322265625,0.001495361328125,0.002044677734375,0.0027008056640625,0.0056610107421875,0.006195068359375,0.0107574462890625,0.0041961669921875,0.007781982421875,0.0029449462890625,0.00775146484375,0.002532958984375,0.0034332275390625,0.0057830810546875,0.01043701171875,0.028228759765625,0.051666259765625,0.106231689453125,0.6386566162109375,EpsonV550
0.000152587890625,0.001190185546875,0.0005340576171875,0.0001373291015625,0.000244140625,0.0003814697265625,0.0003662109375,0.0008544921875,0.000640869140625,0.0008392333984375,0.0006103515625,0.001678466796875,0.0012359619140625,0.007598876953125,0.0032196044921875,0.00860595703125,0.002685546875,0.0064697265625,0.004638671875,0.0047454833984375,0.0157623291015625,0.048980712890625,0.10748291015625,0.0291290283203125,0.1351165771484375,0.61669921875,Canon220
0.0243988037109375,0.04388427734375,0.008056640625,0.003326416015625,0.0015106201171875,0.00128173828125,0.0008544921875,0.0009002685546875,0.001373291015625,0.00177001953125,0.0020904541015625,0.0036468505859375,0.0045623779296875,0.0078582763671875,0.003692626953125,0.00677490234375,0.0027618408203125,0.006439208984375,0.0022125244140625,0.002166748046875,0.004547119140625,0.0092010498046875,0.0197601318359375,0.0395660400390625,0.080841064453125,0.716522216796875,EpsonV370-1
0.004638671875,0.01544189453125,0.00421142578125,0.0029754638671875,0.001373291015625,0.001068115234375,0.000762939453125,0.0008392333984375,0.00054931640625,0.0008544921875,0.0007476806640625,0.00103759765625,0.0009765625,0.0035858154296875,0.0018768310546875,0.0043487548828125,0.00146484375,0.005859375,0.001739501953125,0.0023193359375,0.00396728515625,0.0071258544921875,0.0167999267578125,0.04412841796875,0.0646514892578125,0.8066558837890625,EpsonV39-2
0.0036163330078125,0.002593994140625,0.001251220703125,0.0008087158203125,0.0003814697265625,0.0005645751953125,0.0005950927734375,0.0011444091796875,0.000701904296875,0.0017852783203125,0.001312255859375,0.0042266845703125,0.0046234130859375,0.020843505859375,0.005340576171875,0.025665283203125,0.0068206787109375,0.03045654296875,0.004119873046875,0.0044403076171875,0.0084686279296875,0.0370941162109375,0.095611572265625,0.032623291015625,0.3541412353515625,0.35076904296875,Canon9000-1
6.103515625e-05,0.0001068115234375,3.0517578125e-05,4.57763671875e-05,4.57763671875e-05,1.52587890625e-05,9.1552734375e-05,0.000274658203125,0.0002899169921875,0.0006866455078125,0.0005035400390625,0.0022125244140625,0.0013885498046875,0.0168304443359375,0.0034027099609375,0.01690673828125,0.00396728515625,0.0173492431640625,0.003875732421875,0.00384521484375,0.0122528076171875,0.05938720703125,0.1484527587890625,0.03118896484375,0.465484619140625,0.2113037109375,Canon120-2
0.0049591064453125,0.006683349609375,0.0027618408203125,0.0018157958984375,0.0010986328125,0.0009918212890625,0.0011138916015625,0.0014495849609375,0.001434326171875,0.002166748046875,0.001678466796875,0.004150390625,0.0059661865234375,0.009002685546875,0.0036163330078125,0.006072998046875,0.00238037109375,0.005584716796875,0.003021240234375,0.00323486328125,0.00634765625,0.013336181640625,0.024749755859375,0.0301971435546875,0.0720367431640625,0.784149169921875,Canon220
7.62939453125e-05,0.0009002685546875,0.0005645751953125,0.0001983642578125,9.1552734375e-05,0.0001678466796875,0.000213623046875,0.0001983642578125,0.00018310546875,0.00042724609375,0.0002899169921875,0.0008697509765625,0.0010528564453125,0.0045928955078125,0.0020599365234375,0.0051116943359375,0.00213623046875,0.0048370361328125,0.003753662109375,0.005157470703125,0.01220703125,0.0301971435546875,0.05975341796875,0.0241546630859375,0.08880615234375,0.7519989013671875,Canon120-1
0.0008392333984375,0.003204345703125,0.0013580322265625,0.0009918212890625,0.0003662109375,0.0003204345703125,0.000274658203125,0.0003662109375,0.0004730224609375,0.00048828125,0.0004119873046875,0.000823974609375,0.0009307861328125,0.004058837890625,0.00152587890625,0.003265380859375,0.00146484375,0.004180908203125,0.00250244140625,0.0035247802734375,0.0072784423828125,0.01483154296875,0.02935791015625,0.0295257568359375,0.0789642333984375,0.8086700439453125,Canon220
6.103515625e-05,0.00042724609375,0.0001373291015625,0.00018310546875,0.000152587890625,0.0001678466796875,0.00030517578125,0.000335693359375,0.00054931640625,0.000762939453125,0.0006103515625,0.001708984375,0.001617431640625,0.011810302734375,0.0052337646484375,0.0166778564453125,0.0071868896484375,0.018646240234375,0.005401611328125,0.00634765625,0.01617431640625,0.051177978515625,0.1151580810546875,0.0332183837890625,0.1823577880859375,0.523590087890625,EpsonV39-1
0.0283355712890625,0.060882568359375,0.0125274658203125,0.0047149658203125,0.0018157958984375,0.0016326904296875,0.00079345703125,0.001495361328125,0.0009307861328125,0.0014801025390625,0.0012969970703125,0.002899169921875,0.0036468505859375,0.0066680908203125,0.0032806396484375,0.004669189453125,0.0023345947265625,0.006317138671875,0.00164794921875,0.0026397705078125,0.005645751953125,0.0174407958984375,0.049774169921875,0.063568115234375,0.116455078125,0.59710693359375,EpsonV550
0.02593994140625,0.0590057373046875,0.0105743408203125,0.0042266845703125,0.0015411376953125,0.0009918212890625,0.0006561279296875,0.002410888671875,0.0008697509765625,0.0020751953125,0.001739501953125,0.004150390625,0.0039520263671875,0.009368896484375,0.0028839111328125,0.00701904296875,0.00201416015625,0.0080718994140625,0.00250244140625,0.003082275390625,0.0045318603515625,0.01019287109375,0.0303497314453125,0.0547943115234375,0.091644287109375,0.6554107666015625,EpsonV550
0.004974365234375,0.0138397216796875,0.004150390625,0.00225830078125,0.001129150390625,0.0009765625,0.0007171630859375,0.0007476806640625,0.0008697509765625,0.0009613037109375,0.001068115234375,0.001708984375,0.0013275146484375,0.0042877197265625,0.0016937255859375,0.0044403076171875,0.0015411376953125,0.004547119140625,0.00152587890625,0.002197265625,0.005126953125,0.010650634765625,0.021575927734375,0.0360870361328125,0.0733184814453125,0.79827880859375,EpsonV39-1
0.004974365234375,0.0030059814453125,0.001800537109375,0.00164794921875,0.001129150390625,0.0008544921875,0.000823974609375,0.0008544921875,0.00103759765625,0.0015411376953125,0.001068115234375,0.00262451171875,0.0018310546875,0.0135040283203125,0.004608154296875,0.015411376953125,0.004150390625,0.01385498046875,0.004058837890625,0.0048675537109375,0.0125885009765625,0.04376220703125,0.1061248779296875,0.0333251953125,0.18597412109375,0.534576416015625,Canon9000-2
0.0020751953125,0.0034332275390625,0.000640869140625,0.00042724609375,0.000274658203125,0.0004730224609375,0.0003509521484375,0.00054931640625,0.0004730224609375,0.001129150390625,0.00067138671875,0.00146484375,0.0015106201171875,0.005767822265625,0.001739501953125,0.0063323974609375,0.0023345947265625,0.00616455078125,0.0033111572265625,0.0035858154296875,0.008026123046875,0.0167236328125,0.0352325439453125,0.0263824462890625,0.0696563720703125,0.80126953125,Canon120-2
0.0074005126953125,0.005462646484375,0.0023956298828125,0.001068115234375,0.0007171630859375,0.000732421875,0.000518798828125,0.0008392333984375,0.00067138671875,0.0017852783203125,0.00146484375,0.00384521484375,0.003173828125,0.0196990966796875,0.0043182373046875,0.021087646484375,0.00408935546875,0.022796630859375,0.003875732421875,0.004150390625,0.0114593505859375,0.0335845947265625,0.0775909423828125,0.034088134765625,0.27008056640625,0.463104248046875,Canon120-2
0.0012664794921875,0.0033721923828125,0.0013580322265625,0.000732421875,0.0005950927734375,0.0005035400390625,0.000335693359375,0.0004119873046875,0.000823974609375,0.001190185546875,0.00091552734375,0.0024261474609375,0.00244140625,0.0118255615234375,0.0065460205078125,0.0151214599609375,0.0045166015625,0.0110015869140625,0.0043182373046875,0.005615234375,0.01397705078125,0.0385894775390625,0.081939697265625,0.0287017822265625,0.130706787109375,0.630767822265625,EpsonV39-2
0.04058837890625,0.0656280517578125,0.0111541748046875,0.0051422119140625,0.00201416015625,0.0018310546875,0.0011444091796875,0.0009307861328125,0.001129150390625,0.001251220703125,0.001251220703125,0.0028839111328125,0.0030364990234375,0.005523681640625,0.001953125,0.0047149658203125,0.001617431640625,0.0043182373046875,0.0016326904296875,0.0018463134765625,0.0034332275390625,0.0077667236328125,0.015472412109375,0.0428924560546875,0.0712127685546875,0.6996307373046875,EpsonV370-1
0.0005950927734375,0.0022735595703125,0.0023651123046875,0.001220703125,0.000244140625,0.000152587890625,0.00018310546875,0.000274658203125,0.00030517578125,0.000701904296875,0.0003662109375,0.0010528564453125,0.000823974609375,0.0116424560546875,0.002655029296875,0.0123291015625,0.0032501220703125,0.0152130126953125,0.0037689208984375,0.0054779052734375,0.0159454345703125,0.0468597412109375,0.1054229736328125,0.032928466796875,0.186920166015625,0.547027587890625,EpsonV39-1
9.1552734375e-05,0.000732421875,0.0001983642578125,0.000152587890625,0.0002899169921875,0.000518798828125,0.000396728515625,0.0015716552734375,0.00030517578125,0.00067138671875,0.0002288818359375,0.0008392333984375,0.000885009765625,0.0106201171875,0.00244140625,0.017913818359375,0.006011962890625,0.0188140869140625,0.0025177001953125,0.0025634765625,0.0072174072265625,0.028045654296875,0.0726318359375,0.03546142578125,0.156158447265625,0.632720947265625,Canon120-1
0.0025177001953125,0.004730224609375,0.001617431640625,0.0003662109375,0.000335693359375,0.0003204345703125,0.0004119873046875,0.0006866455078125,0.0005340576171875,0.0009613037109375,0.0009613037109375,0.002532958984375,0.0021209716796875,0.0104217529296875,0.0038299560546875,0.0102691650390625,0.003173828125,0.0095367431640625,0.00421142578125,0.0060882568359375,0.0156402587890625,0.0481109619140625,0.1084747314453125,0.0311279296875,0.1668243408203125,0.5641937255859375,EpsonV39-2
0.00872802734375,0.0117645263671875,0.0031280517578125,0.0016021728515625,0.0019378662109375,0.001251220703125,0.0010223388671875,0.002044677734375,0.001434326171875,0.0022125244140625,0.001220703125,0.00262451171875,0.0023040771484375,0.0076904296875,0.00372314453125,0.0094146728515625,0.00274658203125,0.006744384765625,0.0027923583984375,0.0030059814453125,0.0068359375,0.0145111083984375,0.0314788818359375,0.030181884765625,0.0743255615234375,0.7652740478515625,Canon220
0.0005035400390625,0.00128173828125,0.0002899169921875,0.00048828125,0.000396728515625,0.0001983642578125,0.0001678466796875,0.0021209716796875,0.0005035400390625,0.0009307861328125,0.0005950927734375,0.0027008056640625,0.001708984375,0.019683837890625,0.002105712890625,0.0214385986328125,0.003448486328125,0.0277557373046875,0.0028228759765625,0.00323486328125,0.009490966796875,0.0391845703125,0.098175048828125,0.040435791015625,0.250396728515625,0.469940185546875,Canon9000-2
0.0009765625,0.0020599365234375,0.00054931640625,0.00030517578125,7.62939453125e-05,0.000244140625,0.000274658203125,0.000640869140625,0.0005340576171875,0.000762939453125,0.0005340576171875,0.002410888671875,0.0018310546875,0.0094757080078125,0.005035400390625,0.0109405517578125,0.00396728515625,0.009613037109375,0.0042724609375,0.0054931640625,0.0149993896484375,0.04248046875,0.0904388427734375,0.02911376953125,0.1161651611328125,0.6468048095703125,Canon220
0.002349853515625,0.0015869140625,0.0004425048828125,0.000335693359375,0.00030517578125,0.000457763671875,0.000244140625,0.0008697509765625,0.000640869140625,0.0016937255859375,0.000732421875,0.0030975341796875,0.002044677734375,0.0195465087890625,0.0042572021484375,0.022247314453125,0.0054473876953125,0.022705078125,0.0039215087890625,0.0052490234375,0.0127105712890625,0.0594635009765625,0.14862060546875,0.033203125,0.341064453125,0.3067626953125,Canon9000-1
0.0029754638671875,0.0048065185546875,0.0010223388671875,0.000732421875,0.000701904296875,0.0004425048828125,0.0004119873046875,0.000701904296875,0.00067138671875,0.000885009765625,0.000640869140625,0.001373291015625,0.001129150390625,0.0074462890625,0.002655029296875,0.0077362060546875,0.00238037109375,0.0070037841796875,0.0040740966796875,0.0047760009765625,0.012542724609375,0.0320281982421875,0.0666046142578125,0.0297698974609375,0.111358642578125,0.69512939453125,EpsonV39-2
